LOCATION,INDICATOR,SUBJECT,MEASURE,FREQUENCY,TIME,Value,Flag Codes
AUS,POP,TOT,MLN_PER,A,1956,9.426,
AUS,POP,TOT,MLN_PER,A,1957,9.64,
AUS,POP,TOT,MLN_PER,A,1958,9.842,
AUS,POP,TOT,MLN_PER,A,1959,10.056,
AUS,POP,TOT,MLN_PER,A,1960,10.275,
AUS,POP,TOT,MLN_PER,A,1961,10.5082,
AUS,POP,TOT,MLN_PER,A,1962,10.7005,
AUS,POP,TOT,MLN_PER,A,1963,10.9069,
AUS,POP,TOT,MLN_PER,A,1964,11.1216,
AUS,POP,TOT,MLN_PER,A,1965,11.3409,
AUS,POP,TOT,MLN_PER,A,1966,11.5995,
AUS,POP,TOT,MLN_PER,A,1967,11.79908,
AUS,POP,TOT,MLN_PER,A,1968,12.00863,
AUS,POP,TOT,MLN_PER,A,1969,12.26301,
AUS,POP,TOT,MLN_PER,A,1970,12.50735,B
AUS,POP,TOT,MLN_PER,A,1971,13.06726,
AUS,POP,TOT,MLN_PER,A,1972,13.30366,
AUS,POP,TOT,MLN_PER,A,1973,13.50454,
AUS,POP,TOT,MLN_PER,A,1974,13.72257,
AUS,POP,TOT,MLN_PER,A,1975,13.893,
AUS,POP,TOT,MLN_PER,A,1976,14.03308,
AUS,POP,TOT,MLN_PER,A,1977,14.19223,
AUS,POP,TOT,MLN_PER,A,1978,14.35925,
AUS,POP,TOT,MLN_PER,A,1979,14.51573,
AUS,POP,TOT,MLN_PER,A,1980,14.69536,
AUS,POP,TOT,MLN_PER,A,1981,14.92326,
AUS,POP,TOT,MLN_PER,A,1982,15.18425,
AUS,POP,TOT,MLN_PER,A,1983,15.39347,
AUS,POP,TOT,MLN_PER,A,1984,15.57939,
AUS,POP,TOT,MLN_PER,A,1985,15.78831,
AUS,POP,TOT,MLN_PER,A,1986,16.01835,
AUS,POP,TOT,MLN_PER,A,1987,16.26387,
AUS,POP,TOT,MLN_PER,A,1988,16.53216,
AUS,POP,TOT,MLN_PER,A,1989,16.81442,
AUS,POP,TOT,MLN_PER,A,1990,17.06513,
AUS,POP,TOT,MLN_PER,A,1991,17.28404,
AUS,POP,TOT,MLN_PER,A,1992,17.479,
AUS,POP,TOT,MLN_PER,A,1993,17.635,
AUS,POP,TOT,MLN_PER,A,1994,17.805,
AUS,POP,TOT,MLN_PER,A,1995,18.005,
AUS,POP,TOT,MLN_PER,A,1996,18.225,
AUS,POP,TOT,MLN_PER,A,1997,18.423,
AUS,POP,TOT,MLN_PER,A,1998,18.608,
AUS,POP,TOT,MLN_PER,A,1999,18.812,
AUS,POP,TOT,MLN_PER,A,2000,19.029,
AUS,POP,TOT,MLN_PER,A,2001,19.275,
AUS,POP,TOT,MLN_PER,A,2002,19.495,
AUS,POP,TOT,MLN_PER,A,2003,19.721,
AUS,POP,TOT,MLN_PER,A,2004,19.933,
AUS,POP,TOT,MLN_PER,A,2005,20.177,
AUS,POP,TOT,MLN_PER,A,2006,20.451,
AUS,POP,TOT,MLN_PER,A,2007,20.828,
AUS,POP,TOT,MLN_PER,A,2008,21.249,
AUS,POP,TOT,MLN_PER,A,2009,21.692,
AUS,POP,TOT,MLN_PER,A,2010,22.032,
AUS,POP,TOT,MLN_PER,A,2011,22.34,
AUS,POP,TOT,MLN_PER,A,2012,22.728,
AUS,POP,TOT,MLN_PER,A,2013,23.126,
AUS,POP,TOT,MLN_PER,A,2014,23.491,
AUT,POP,TOT,MLN_PER,A,1950,6.9351,
AUT,POP,TOT,MLN_PER,A,1951,6.935451,
AUT,POP,TOT,MLN_PER,A,1952,6.927772,
AUT,POP,TOT,MLN_PER,A,1953,6.932483,
AUT,POP,TOT,MLN_PER,A,1954,6.940209,
AUT,POP,TOT,MLN_PER,A,1955,6.946885,
AUT,POP,TOT,MLN_PER,A,1956,6.952359,
AUT,POP,TOT,MLN_PER,A,1957,6.96586,
AUT,POP,TOT,MLN_PER,A,1958,6.987358,
AUT,POP,TOT,MLN_PER,A,1959,7.014331,
AUT,POP,TOT,MLN_PER,A,1960,7.047539,
AUT,POP,TOT,MLN_PER,A,1961,7.086298,
AUT,POP,TOT,MLN_PER,A,1962,7.129864,
AUT,POP,TOT,MLN_PER,A,1963,7.175811,
AUT,POP,TOT,MLN_PER,A,1964,7.223801,
AUT,POP,TOT,MLN_PER,A,1965,7.270888,
AUT,POP,TOT,MLN_PER,A,1966,7.322066,
AUT,POP,TOT,MLN_PER,A,1967,7.376998,
AUT,POP,TOT,MLN_PER,A,1968,7.415402,
AUT,POP,TOT,MLN_PER,A,1969,7.441055,
AUT,POP,TOT,MLN_PER,A,1970,7.467086,
AUT,POP,TOT,MLN_PER,A,1971,7.500481,
AUT,POP,TOT,MLN_PER,A,1972,7.544201,
AUT,POP,TOT,MLN_PER,A,1973,7.586114,
AUT,POP,TOT,MLN_PER,A,1974,7.599038,
AUT,POP,TOT,MLN_PER,A,1975,7.578902,
AUT,POP,TOT,MLN_PER,A,1976,7.565525,
AUT,POP,TOT,MLN_PER,A,1977,7.56843,
AUT,POP,TOT,MLN_PER,A,1978,7.562304,
AUT,POP,TOT,MLN_PER,A,1979,7.549424,
AUT,POP,TOT,MLN_PER,A,1980,7.549432,
AUT,POP,TOT,MLN_PER,A,1981,7.56871,
AUT,POP,TOT,MLN_PER,A,1982,7.574139,
AUT,POP,TOT,MLN_PER,A,1983,7.56191,
AUT,POP,TOT,MLN_PER,A,1984,7.561434,
AUT,POP,TOT,MLN_PER,A,1985,7.564984,
AUT,POP,TOT,MLN_PER,A,1986,7.569794,
AUT,POP,TOT,MLN_PER,A,1987,7.574585,
AUT,POP,TOT,MLN_PER,A,1988,7.585317,
AUT,POP,TOT,MLN_PER,A,1989,7.619566,
AUT,POP,TOT,MLN_PER,A,1990,7.67785,
AUT,POP,TOT,MLN_PER,A,1991,7.75489,
AUT,POP,TOT,MLN_PER,A,1992,7.840709,
AUT,POP,TOT,MLN_PER,A,1993,7.905632,
AUT,POP,TOT,MLN_PER,A,1994,7.936117,
AUT,POP,TOT,MLN_PER,A,1995,7.948278,
AUT,POP,TOT,MLN_PER,A,1996,7.959016,
AUT,POP,TOT,MLN_PER,A,1997,7.968041,
AUT,POP,TOT,MLN_PER,A,1998,7.976788,
AUT,POP,TOT,MLN_PER,A,1999,7.992323,
AUT,POP,TOT,MLN_PER,A,2000,8.011566,
AUT,POP,TOT,MLN_PER,A,2001,8.042293,
AUT,POP,TOT,MLN_PER,A,2002,8.082121,
AUT,POP,TOT,MLN_PER,A,2003,8.118245,
AUT,POP,TOT,MLN_PER,A,2004,8.169441,
AUT,POP,TOT,MLN_PER,A,2005,8.225278,
AUT,POP,TOT,MLN_PER,A,2006,8.267948,
AUT,POP,TOT,MLN_PER,A,2007,8.295189,
AUT,POP,TOT,MLN_PER,A,2008,8.321541,
AUT,POP,TOT,MLN_PER,A,2009,8.341483,
AUT,POP,TOT,MLN_PER,A,2010,8.361069,
AUT,POP,TOT,MLN_PER,A,2011,8.388534,
AUT,POP,TOT,MLN_PER,A,2012,8.426311,
AUT,POP,TOT,MLN_PER,A,2013,8.46857,B
BEL,POP,TOT,MLN_PER,A,1955,8.868451,
BEL,POP,TOT,MLN_PER,A,1956,8.9238,
BEL,POP,TOT,MLN_PER,A,1957,8.98905,
BEL,POP,TOT,MLN_PER,A,1958,9.05265,
BEL,POP,TOT,MLN_PER,A,1959,9.103712,
BEL,POP,TOT,MLN_PER,A,1960,9.153489,
BEL,POP,TOT,MLN_PER,A,1961,9.183947,
BEL,POP,TOT,MLN_PER,A,1962,9.220577,
BEL,POP,TOT,MLN_PER,A,1963,9.28977,
BEL,POP,TOT,MLN_PER,A,1964,9.378113,
BEL,POP,TOT,MLN_PER,A,1965,9.463667,
BEL,POP,TOT,MLN_PER,A,1966,9.527807,
BEL,POP,TOT,MLN_PER,A,1967,9.58099,
BEL,POP,TOT,MLN_PER,A,1968,9.618755,
BEL,POP,TOT,MLN_PER,A,1969,9.646032,
BEL,POP,TOT,MLN_PER,A,1970,9.655549,
BEL,POP,TOT,MLN_PER,A,1971,9.673161,
BEL,POP,TOT,MLN_PER,A,1972,9.711114,
BEL,POP,TOT,MLN_PER,A,1973,9.74172,
BEL,POP,TOT,MLN_PER,A,1974,9.772419,
BEL,POP,TOT,MLN_PER,A,1975,9.8007,
BEL,POP,TOT,MLN_PER,A,1976,9.818227,
BEL,POP,TOT,MLN_PER,A,1977,9.830357,
BEL,POP,TOT,MLN_PER,A,1978,9.839533,
BEL,POP,TOT,MLN_PER,A,1979,9.848382,
BEL,POP,TOT,MLN_PER,A,1980,9.859242,
BEL,POP,TOT,MLN_PER,A,1981,9.858981,
BEL,POP,TOT,MLN_PER,A,1982,9.856303,
BEL,POP,TOT,MLN_PER,A,1983,9.85552,
BEL,POP,TOT,MLN_PER,A,1984,9.855372,
BEL,POP,TOT,MLN_PER,A,1985,9.858308,
BEL,POP,TOT,MLN_PER,A,1986,9.861823,
BEL,POP,TOT,MLN_PER,A,1987,9.870233,
BEL,POP,TOT,MLN_PER,A,1988,9.901664,
BEL,POP,TOT,MLN_PER,A,1989,9.937697,
BEL,POP,TOT,MLN_PER,A,1990,9.967378,
BEL,POP,TOT,MLN_PER,A,1991,10.00449,
BEL,POP,TOT,MLN_PER,A,1992,10.04516,
BEL,POP,TOT,MLN_PER,A,1993,10.08447,
BEL,POP,TOT,MLN_PER,A,1994,10.1156,
BEL,POP,TOT,MLN_PER,A,1995,10.13681,
BEL,POP,TOT,MLN_PER,A,1996,10.15664,
BEL,POP,TOT,MLN_PER,A,1997,10.18125,
BEL,POP,TOT,MLN_PER,A,1998,10.20301,
BEL,POP,TOT,MLN_PER,A,1999,10.22642,
BEL,POP,TOT,MLN_PER,A,2000,10.25125,
BEL,POP,TOT,MLN_PER,A,2001,10.28657,
BEL,POP,TOT,MLN_PER,A,2002,10.33278,
BEL,POP,TOT,MLN_PER,A,2003,10.37613,
BEL,POP,TOT,MLN_PER,A,2004,10.42114,
BEL,POP,TOT,MLN_PER,A,2005,10.47862,
BEL,POP,TOT,MLN_PER,A,2006,10.54796,
BEL,POP,TOT,MLN_PER,A,2007,10.6257,
BEL,POP,TOT,MLN_PER,A,2008,10.70997,
BEL,POP,TOT,MLN_PER,A,2009,10.79649,
BEL,POP,TOT,MLN_PER,A,2010,10.92027,
BEL,POP,TOT,MLN_PER,A,2011,11.04774,
BEL,POP,TOT,MLN_PER,A,2012,11.12825,
BEL,POP,TOT,MLN_PER,A,2013,11.17844,
BEL,POP,TOT,MLN_PER,A,2014,11.22728,
CAN,POP,TOT,MLN_PER,A,1950,14.019,
CAN,POP,TOT,MLN_PER,A,1951,14.318,
CAN,POP,TOT,MLN_PER,A,1952,14.776,
CAN,POP,TOT,MLN_PER,A,1953,15.17,
CAN,POP,TOT,MLN_PER,A,1954,15.621,
CAN,POP,TOT,MLN_PER,A,1955,16.04,
CAN,POP,TOT,MLN_PER,A,1956,16.431,
CAN,POP,TOT,MLN_PER,A,1957,16.971,
CAN,POP,TOT,MLN_PER,A,1958,17.45,
CAN,POP,TOT,MLN_PER,A,1959,17.861,
CAN,POP,TOT,MLN_PER,A,1960,18.256,
CAN,POP,TOT,MLN_PER,A,1961,18.635,
CAN,POP,TOT,MLN_PER,A,1962,18.989,
CAN,POP,TOT,MLN_PER,A,1963,19.347,
CAN,POP,TOT,MLN_PER,A,1964,19.72,
CAN,POP,TOT,MLN_PER,A,1965,20.084,
CAN,POP,TOT,MLN_PER,A,1966,20.421,
CAN,POP,TOT,MLN_PER,A,1967,20.795,
CAN,POP,TOT,MLN_PER,A,1968,21.129,
CAN,POP,TOT,MLN_PER,A,1969,21.44,
CAN,POP,TOT,MLN_PER,A,1970,21.746,
CAN,POP,TOT,MLN_PER,A,1971,21.962,
CAN,POP,TOT,MLN_PER,A,1972,22.218,
CAN,POP,TOT,MLN_PER,A,1973,22.492,
CAN,POP,TOT,MLN_PER,A,1974,22.808,
CAN,POP,TOT,MLN_PER,A,1975,23.143,
CAN,POP,TOT,MLN_PER,A,1976,23.45,
CAN,POP,TOT,MLN_PER,A,1977,23.726,
CAN,POP,TOT,MLN_PER,A,1978,23.963,
CAN,POP,TOT,MLN_PER,A,1979,24.202,
CAN,POP,TOT,MLN_PER,A,1980,24.516,
CAN,POP,TOT,MLN_PER,A,1981,24.82,
CAN,POP,TOT,MLN_PER,A,1982,25.117,
CAN,POP,TOT,MLN_PER,A,1983,25.366,
CAN,POP,TOT,MLN_PER,A,1984,25.607,
CAN,POP,TOT,MLN_PER,A,1985,25.842,
CAN,POP,TOT,MLN_PER,A,1986,26.1,
CAN,POP,TOT,MLN_PER,A,1987,26.447,
CAN,POP,TOT,MLN_PER,A,1988,26.792,
CAN,POP,TOT,MLN_PER,A,1989,27.277,
CAN,POP,TOT,MLN_PER,A,1990,27.69114,
CAN,POP,TOT,MLN_PER,A,1991,28.03742,
CAN,POP,TOT,MLN_PER,A,1992,28.37126,
CAN,POP,TOT,MLN_PER,A,1993,28.68476,
CAN,POP,TOT,MLN_PER,A,1994,29.00066,
CAN,POP,TOT,MLN_PER,A,1995,29.30231,
CAN,POP,TOT,MLN_PER,A,1996,29.61022,
CAN,POP,TOT,MLN_PER,A,1997,29.90595,
CAN,POP,TOT,MLN_PER,A,1998,30.15517,
CAN,POP,TOT,MLN_PER,A,1999,30.40129,
CAN,POP,TOT,MLN_PER,A,2000,30.68573,
CAN,POP,TOT,MLN_PER,A,2001,31.01902,
CAN,POP,TOT,MLN_PER,A,2002,31.35366,
CAN,POP,TOT,MLN_PER,A,2003,31.63967,
CAN,POP,TOT,MLN_PER,A,2004,31.94068,
CAN,POP,TOT,MLN_PER,A,2005,32.24521,
CAN,POP,TOT,MLN_PER,A,2006,32.57607,
CAN,POP,TOT,MLN_PER,A,2007,32.92752,
CAN,POP,TOT,MLN_PER,A,2008,33.31766,
CAN,POP,TOT,MLN_PER,A,2009,33.72691,
CAN,POP,TOT,MLN_PER,A,2010,34.12655,
CAN,POP,TOT,MLN_PER,A,2011,34.48398,
CAN,POP,TOT,MLN_PER,A,2012,34.88049,B
CAN,POP,TOT,MLN_PER,A,2013,35.154,
CAN,POP,TOT,MLN_PER,A,2014,35.54,
CZE,POP,TOT,MLN_PER,A,1950,8.925122,
CZE,POP,TOT,MLN_PER,A,1951,9.02317,
CZE,POP,TOT,MLN_PER,A,1952,9.125183,
CZE,POP,TOT,MLN_PER,A,1953,9.220908,
CZE,POP,TOT,MLN_PER,A,1954,9.290617,
CZE,POP,TOT,MLN_PER,A,1955,9.365969,
CZE,POP,TOT,MLN_PER,A,1956,9.44204,
CZE,POP,TOT,MLN_PER,A,1957,9.513758,
CZE,POP,TOT,MLN_PER,A,1958,9.57465,
CZE,POP,TOT,MLN_PER,A,1959,9.618554,
CZE,POP,TOT,MLN_PER,A,1960,9.659818,
CZE,POP,TOT,MLN_PER,A,1961,9.588016,
CZE,POP,TOT,MLN_PER,A,1962,9.621808,
CZE,POP,TOT,MLN_PER,A,1963,9.668741,
CZE,POP,TOT,MLN_PER,A,1964,9.730019,
CZE,POP,TOT,MLN_PER,A,1965,9.785102,
CZE,POP,TOT,MLN_PER,A,1966,9.826188,
CZE,POP,TOT,MLN_PER,A,1967,9.854241,
CZE,POP,TOT,MLN_PER,A,1968,9.877632,
CZE,POP,TOT,MLN_PER,A,1969,9.896695,
CZE,POP,TOT,MLN_PER,A,1970,9.805157,
CZE,POP,TOT,MLN_PER,A,1971,9.830602,
CZE,POP,TOT,MLN_PER,A,1972,9.868379,
CZE,POP,TOT,MLN_PER,A,1973,9.919519,
CZE,POP,TOT,MLN_PER,A,1974,9.994761,
CZE,POP,TOT,MLN_PER,A,1975,10.06237,
CZE,POP,TOT,MLN_PER,A,1976,10.12822,
CZE,POP,TOT,MLN_PER,A,1977,10.18931,
CZE,POP,TOT,MLN_PER,A,1978,10.24569,
CZE,POP,TOT,MLN_PER,A,1979,10.29649,
CZE,POP,TOT,MLN_PER,A,1980,10.32679,
CZE,POP,TOT,MLN_PER,A,1981,10.30321,
CZE,POP,TOT,MLN_PER,A,1982,10.31432,
CZE,POP,TOT,MLN_PER,A,1983,10.32282,
CZE,POP,TOT,MLN_PER,A,1984,10.33048,
CZE,POP,TOT,MLN_PER,A,1985,10.33674,
CZE,POP,TOT,MLN_PER,A,1986,10.34074,
CZE,POP,TOT,MLN_PER,A,1987,10.34883,
CZE,POP,TOT,MLN_PER,A,1988,10.35636,
CZE,POP,TOT,MLN_PER,A,1989,10.36226,
CZE,POP,TOT,MLN_PER,A,1990,10.36274,
CZE,POP,TOT,MLN_PER,A,1991,10.30868,
CZE,POP,TOT,MLN_PER,A,1992,10.31781,
CZE,POP,TOT,MLN_PER,A,1993,10.33061,
CZE,POP,TOT,MLN_PER,A,1994,10.33616,
CZE,POP,TOT,MLN_PER,A,1995,10.33076,
CZE,POP,TOT,MLN_PER,A,1996,10.31535,
CZE,POP,TOT,MLN_PER,A,1997,10.30364,
CZE,POP,TOT,MLN_PER,A,1998,10.29494,
CZE,POP,TOT,MLN_PER,A,1999,10.28278,
CZE,POP,TOT,MLN_PER,A,2000,10.2725,
CZE,POP,TOT,MLN_PER,A,2001,10.22419,
CZE,POP,TOT,MLN_PER,A,2002,10.20077,
CZE,POP,TOT,MLN_PER,A,2003,10.20165,
CZE,POP,TOT,MLN_PER,A,2004,10.20692,
CZE,POP,TOT,MLN_PER,A,2005,10.23409,
CZE,POP,TOT,MLN_PER,A,2006,10.26665,
CZE,POP,TOT,MLN_PER,A,2007,10.32269,
CZE,POP,TOT,MLN_PER,A,2008,10.42969,
CZE,POP,TOT,MLN_PER,A,2009,10.49149,
CZE,POP,TOT,MLN_PER,A,2010,10.51725,
CZE,POP,TOT,MLN_PER,A,2011,10.49667,
CZE,POP,TOT,MLN_PER,A,2012,10.50929,
CZE,POP,TOT,MLN_PER,A,2013,10.51072,
CZE,POP,TOT,MLN_PER,A,2014,10.52478,
DNK,POP,TOT,MLN_PER,A,1950,4.268468,
DNK,POP,TOT,MLN_PER,A,1951,4.300383,
DNK,POP,TOT,MLN_PER,A,1952,4.332363,
DNK,POP,TOT,MLN_PER,A,1953,4.369277,
DNK,POP,TOT,MLN_PER,A,1954,4.406575,
DNK,POP,TOT,MLN_PER,A,1955,4.439006,
DNK,POP,TOT,MLN_PER,A,1956,4.46652,
DNK,POP,TOT,MLN_PER,A,1957,4.489869,
DNK,POP,TOT,MLN_PER,A,1958,4.516287,
DNK,POP,TOT,MLN_PER,A,1959,4.548658,
DNK,POP,TOT,MLN_PER,A,1960,4.579603,
DNK,POP,TOT,MLN_PER,A,1961,4.611687,
DNK,POP,TOT,MLN_PER,A,1962,4.647727,
DNK,POP,TOT,MLN_PER,A,1963,4.684482,
DNK,POP,TOT,MLN_PER,A,1964,4.722072,
DNK,POP,TOT,MLN_PER,A,1965,4.759012,
DNK,POP,TOT,MLN_PER,A,1966,4.79738,
DNK,POP,TOT,MLN_PER,A,1967,4.835354,
DNK,POP,TOT,MLN_PER,A,1968,4.864882,
DNK,POP,TOT,MLN_PER,A,1969,4.891859,
DNK,POP,TOT,MLN_PER,A,1970,4.928757,
DNK,POP,TOT,MLN_PER,A,1971,4.963125,
DNK,POP,TOT,MLN_PER,A,1972,4.991596,
DNK,POP,TOT,MLN_PER,A,1973,5.021861,
DNK,POP,TOT,MLN_PER,A,1974,5.045297,
DNK,POP,TOT,MLN_PER,A,1975,5.059861,
DNK,POP,TOT,MLN_PER,A,1976,5.072596,
DNK,POP,TOT,MLN_PER,A,1977,5.088419,
DNK,POP,TOT,MLN_PER,A,1978,5.104248,
DNK,POP,TOT,MLN_PER,A,1979,5.116801,
DNK,POP,TOT,MLN_PER,A,1980,5.123027,
DNK,POP,TOT,MLN_PER,A,1981,5.121572,
DNK,POP,TOT,MLN_PER,A,1982,5.11781,
DNK,POP,TOT,MLN_PER,A,1983,5.114297,
DNK,POP,TOT,MLN_PER,A,1984,5.111619,
DNK,POP,TOT,MLN_PER,A,1985,5.11369,
DNK,POP,TOT,MLN_PER,A,1986,5.120534,
DNK,POP,TOT,MLN_PER,A,1987,5.127024,
DNK,POP,TOT,MLN_PER,A,1988,5.129516,
DNK,POP,TOT,MLN_PER,A,1989,5.132593,
DNK,POP,TOT,MLN_PER,A,1990,5.140939,
DNK,POP,TOT,MLN_PER,A,1991,5.154297,
DNK,POP,TOT,MLN_PER,A,1992,5.17137,
DNK,POP,TOT,MLN_PER,A,1993,5.188628,
DNK,POP,TOT,MLN_PER,A,1994,5.20618,
DNK,POP,TOT,MLN_PER,A,1995,5.233373,
DNK,POP,TOT,MLN_PER,A,1996,5.263074,
DNK,POP,TOT,MLN_PER,A,1997,5.284991,
DNK,POP,TOT,MLN_PER,A,1998,5.304218,
DNK,POP,TOT,MLN_PER,A,1999,5.321798,
DNK,POP,TOT,MLN_PER,A,2000,5.339616,
DNK,POP,TOT,MLN_PER,A,2001,5.358783,
DNK,POP,TOT,MLN_PER,A,2002,5.375931,
DNK,POP,TOT,MLN_PER,A,2003,5.390574,
DNK,POP,TOT,MLN_PER,A,2004,5.404522,
DNK,POP,TOT,MLN_PER,A,2005,5.419432,
DNK,POP,TOT,MLN_PER,A,2006,5.437271,
DNK,POP,TOT,MLN_PER,A,2007,5.461438,
DNK,POP,TOT,MLN_PER,A,2008,5.493621,
DNK,POP,TOT,MLN_PER,A,2009,5.523095,
DNK,POP,TOT,MLN_PER,A,2010,5.547683,
DNK,POP,TOT,MLN_PER,A,2011,5.570572,
DNK,POP,TOT,MLN_PER,A,2012,5.591572,
DNK,POP,TOT,MLN_PER,A,2013,5.614932,B
FIN,POP,TOT,MLN_PER,A,1955,4.235,
FIN,POP,TOT,MLN_PER,A,1956,4.282,
FIN,POP,TOT,MLN_PER,A,1957,4.324,
FIN,POP,TOT,MLN_PER,A,1958,4.36,
FIN,POP,TOT,MLN_PER,A,1959,4.395,
FIN,POP,TOT,MLN_PER,A,1960,4.43,
FIN,POP,TOT,MLN_PER,A,1961,4.461,
FIN,POP,TOT,MLN_PER,A,1962,4.491,
FIN,POP,TOT,MLN_PER,A,1963,4.523,
FIN,POP,TOT,MLN_PER,A,1964,4.549,
FIN,POP,TOT,MLN_PER,A,1965,4.564,
FIN,POP,TOT,MLN_PER,A,1966,4.581,
FIN,POP,TOT,MLN_PER,A,1967,4.606,
FIN,POP,TOT,MLN_PER,A,1968,4.626,
FIN,POP,TOT,MLN_PER,A,1969,4.624,
FIN,POP,TOT,MLN_PER,A,1970,4.606,
FIN,POP,TOT,MLN_PER,A,1971,4.612,
FIN,POP,TOT,MLN_PER,A,1972,4.64,
FIN,POP,TOT,MLN_PER,A,1973,4.666,
FIN,POP,TOT,MLN_PER,A,1974,4.691,
FIN,POP,TOT,MLN_PER,A,1975,4.712,
FIN,POP,TOT,MLN_PER,A,1976,4.726,
FIN,POP,TOT,MLN_PER,A,1977,4.739,
FIN,POP,TOT,MLN_PER,A,1978,4.753,
FIN,POP,TOT,MLN_PER,A,1979,4.765,
FIN,POP,TOT,MLN_PER,A,1980,4.779,
FIN,POP,TOT,MLN_PER,A,1981,4.8,
FIN,POP,TOT,MLN_PER,A,1982,4.827,
FIN,POP,TOT,MLN_PER,A,1983,4.856,
FIN,POP,TOT,MLN_PER,A,1984,4.882,
FIN,POP,TOT,MLN_PER,A,1985,4.902,
FIN,POP,TOT,MLN_PER,A,1986,4.918,
FIN,POP,TOT,MLN_PER,A,1987,4.932,
FIN,POP,TOT,MLN_PER,A,1988,4.947,
FIN,POP,TOT,MLN_PER,A,1989,4.964,
FIN,POP,TOT,MLN_PER,A,1990,4.986,
FIN,POP,TOT,MLN_PER,A,1991,5.014,
FIN,POP,TOT,MLN_PER,A,1992,5.042,
FIN,POP,TOT,MLN_PER,A,1993,5.066,
FIN,POP,TOT,MLN_PER,A,1994,5.088,
FIN,POP,TOT,MLN_PER,A,1995,5.108,
FIN,POP,TOT,MLN_PER,A,1996,5.125,
FIN,POP,TOT,MLN_PER,A,1997,5.14,
FIN,POP,TOT,MLN_PER,A,1998,5.153,
FIN,POP,TOT,MLN_PER,A,1999,5.165,
FIN,POP,TOT,MLN_PER,A,2000,5.176,
FIN,POP,TOT,MLN_PER,A,2001,5.188,
FIN,POP,TOT,MLN_PER,A,2002,5.201,
FIN,POP,TOT,MLN_PER,A,2003,5.213,
FIN,POP,TOT,MLN_PER,A,2004,5.228,
FIN,POP,TOT,MLN_PER,A,2005,5.246,
FIN,POP,TOT,MLN_PER,A,2006,5.267,
FIN,POP,TOT,MLN_PER,A,2007,5.289,
FIN,POP,TOT,MLN_PER,A,2008,5.313,
FIN,POP,TOT,MLN_PER,A,2009,5.339,
FIN,POP,TOT,MLN_PER,A,2010,5.363,
FIN,POP,TOT,MLN_PER,A,2011,5.388,
FIN,POP,TOT,MLN_PER,A,2012,5.414,
FIN,POP,TOT,MLN_PER,A,2013,5.439,
FIN,POP,TOT,MLN_PER,A,2014,5.472,
FRA,POP,TOT,MLN_PER,A,1950,41.82871,
FRA,POP,TOT,MLN_PER,A,1951,42.15553,
FRA,POP,TOT,MLN_PER,A,1952,42.45967,
FRA,POP,TOT,MLN_PER,A,1953,42.75175,
FRA,POP,TOT,MLN_PER,A,1954,43.05651,
FRA,POP,TOT,MLN_PER,A,1955,43.42767,
FRA,POP,TOT,MLN_PER,A,1956,43.84307,
FRA,POP,TOT,MLN_PER,A,1957,44.31086,
FRA,POP,TOT,MLN_PER,A,1958,44.78885,
FRA,POP,TOT,MLN_PER,A,1959,45.23973,
FRA,POP,TOT,MLN_PER,A,1960,45.68423,
FRA,POP,TOT,MLN_PER,A,1961,46.16283,
FRA,POP,TOT,MLN_PER,A,1962,46.9977,
FRA,POP,TOT,MLN_PER,A,1963,47.81622,
FRA,POP,TOT,MLN_PER,A,1964,48.31041,
FRA,POP,TOT,MLN_PER,A,1965,48.7578,
FRA,POP,TOT,MLN_PER,A,1966,49.16366,
FRA,POP,TOT,MLN_PER,A,1967,49.5483,
FRA,POP,TOT,MLN_PER,A,1968,49.9154,
FRA,POP,TOT,MLN_PER,A,1969,50.31798,
FRA,POP,TOT,MLN_PER,A,1970,50.77223,
FRA,POP,TOT,MLN_PER,A,1971,51.25109,
FRA,POP,TOT,MLN_PER,A,1972,51.70091,
FRA,POP,TOT,MLN_PER,A,1973,52.1183,
FRA,POP,TOT,MLN_PER,A,1974,52.46036,
FRA,POP,TOT,MLN_PER,A,1975,52.69917,
FRA,POP,TOT,MLN_PER,A,1976,52.90867,
FRA,POP,TOT,MLN_PER,A,1977,53.14529,
FRA,POP,TOT,MLN_PER,A,1978,53.37632,
FRA,POP,TOT,MLN_PER,A,1979,53.60623,
FRA,POP,TOT,MLN_PER,A,1980,53.88001,
FRA,POP,TOT,MLN_PER,A,1981,54.18182,
FRA,POP,TOT,MLN_PER,A,1982,54.49249,
FRA,POP,TOT,MLN_PER,A,1983,54.77242,
FRA,POP,TOT,MLN_PER,A,1984,55.02608,
FRA,POP,TOT,MLN_PER,A,1985,55.28427,
FRA,POP,TOT,MLN_PER,A,1986,55.54651,
FRA,POP,TOT,MLN_PER,A,1987,55.82396,
FRA,POP,TOT,MLN_PER,A,1988,56.11798,
FRA,POP,TOT,MLN_PER,A,1989,56.42341,
FRA,POP,TOT,MLN_PER,A,1990,56.70883,
FRA,POP,TOT,MLN_PER,A,1991,56.9756,
FRA,POP,TOT,MLN_PER,A,1992,57.23985,
FRA,POP,TOT,MLN_PER,A,1993,57.46709,
FRA,POP,TOT,MLN_PER,A,1994,57.65877,
FRA,POP,TOT,MLN_PER,A,1995,57.84425,
FRA,POP,TOT,MLN_PER,A,1996,58.02599,
FRA,POP,TOT,MLN_PER,A,1997,58.20749,
FRA,POP,TOT,MLN_PER,A,1998,58.39779,
FRA,POP,TOT,MLN_PER,A,1999,58.67741,
FRA,POP,TOT,MLN_PER,A,2000,59.06239,
FRA,POP,TOT,MLN_PER,A,2001,59.47623,
FRA,POP,TOT,MLN_PER,A,2002,59.89387,
FRA,POP,TOT,MLN_PER,A,2003,60.30363,
FRA,POP,TOT,MLN_PER,A,2004,60.73434,
FRA,POP,TOT,MLN_PER,A,2005,61.1815,
FRA,POP,TOT,MLN_PER,A,2006,61.59748,
FRA,POP,TOT,MLN_PER,A,2007,61.96505,
FRA,POP,TOT,MLN_PER,A,2008,62.30029,
FRA,POP,TOT,MLN_PER,A,2009,62.61547,
FRA,POP,TOT,MLN_PER,A,2010,62.91779,
FRA,POP,TOT,MLN_PER,A,2011,63.22316,
FRA,POP,TOT,MLN_PER,A,2012,63.514,
FRA,POP,TOT,MLN_PER,A,2013,63.78614,
FRA,POP,TOT,MLN_PER,A,2014,64.06225,B
DEU,POP,TOT,MLN_PER,A,1956,53.008,
DEU,POP,TOT,MLN_PER,A,1957,53.656,
DEU,POP,TOT,MLN_PER,A,1958,54.292,
DEU,POP,TOT,MLN_PER,A,1959,54.876,
DEU,POP,TOT,MLN_PER,A,1960,55.585,
DEU,POP,TOT,MLN_PER,A,1961,56.175,
DEU,POP,TOT,MLN_PER,A,1962,56.837,
DEU,POP,TOT,MLN_PER,A,1963,57.389,
DEU,POP,TOT,MLN_PER,A,1964,57.971,
DEU,POP,TOT,MLN_PER,A,1965,58.619,
DEU,POP,TOT,MLN_PER,A,1966,59.148,
DEU,POP,TOT,MLN_PER,A,1967,59.286,
DEU,POP,TOT,MLN_PER,A,1968,59.5,
DEU,POP,TOT,MLN_PER,A,1969,60.067,
DEU,POP,TOT,MLN_PER,A,1970,60.651,
DEU,POP,TOT,MLN_PER,A,1971,61.302,
DEU,POP,TOT,MLN_PER,A,1972,61.672,
DEU,POP,TOT,MLN_PER,A,1973,61.976,
DEU,POP,TOT,MLN_PER,A,1974,62.054,
DEU,POP,TOT,MLN_PER,A,1975,61.829,
DEU,POP,TOT,MLN_PER,A,1976,61.531,
DEU,POP,TOT,MLN_PER,A,1977,61.4,
DEU,POP,TOT,MLN_PER,A,1978,61.327,
DEU,POP,TOT,MLN_PER,A,1979,61.359,
DEU,POP,TOT,MLN_PER,A,1980,61.566,
DEU,POP,TOT,MLN_PER,A,1981,61.682,
DEU,POP,TOT,MLN_PER,A,1982,61.638,
DEU,POP,TOT,MLN_PER,A,1983,61.423,B
DEU,POP,TOT,MLN_PER,A,1984,61.175,
DEU,POP,TOT,MLN_PER,A,1985,61.024,
DEU,POP,TOT,MLN_PER,A,1986,61.066,B
DEU,POP,TOT,MLN_PER,A,1987,61.077,
DEU,POP,TOT,MLN_PER,A,1988,61.45,
DEU,POP,TOT,MLN_PER,A,1989,62.063,
DEU,POP,TOT,MLN_PER,A,1990,63.254,B
DEU,POP,TOT,MLN_PER,A,1991,79.984,
DEU,POP,TOT,MLN_PER,A,1992,80.595,
DEU,POP,TOT,MLN_PER,A,1993,81.179,
DEU,POP,TOT,MLN_PER,A,1994,81.422,
DEU,POP,TOT,MLN_PER,A,1995,81.661,
DEU,POP,TOT,MLN_PER,A,1996,81.895,
DEU,POP,TOT,MLN_PER,A,1997,82.052,
DEU,POP,TOT,MLN_PER,A,1998,82.029,B
DEU,POP,TOT,MLN_PER,A,1999,82.024,
DEU,POP,TOT,MLN_PER,A,2000,82.16,
DEU,POP,TOT,MLN_PER,A,2001,82.277,
DEU,POP,TOT,MLN_PER,A,2002,82.456,
DEU,POP,TOT,MLN_PER,A,2003,82.502,
DEU,POP,TOT,MLN_PER,A,2004,82.491,
DEU,POP,TOT,MLN_PER,A,2005,82.465,
DEU,POP,TOT,MLN_PER,A,2006,82.369,
DEU,POP,TOT,MLN_PER,A,2007,82.257,
DEU,POP,TOT,MLN_PER,A,2008,82.135,
DEU,POP,TOT,MLN_PER,A,2009,81.904,
DEU,POP,TOT,MLN_PER,A,2010,81.715,
DEU,POP,TOT,MLN_PER,A,2011,80.249,
DEU,POP,TOT,MLN_PER,A,2012,80.413,
DEU,POP,TOT,MLN_PER,A,2013,80.611,
DEU,POP,TOT,MLN_PER,A,2014,80.896,
GRC,POP,TOT,MLN_PER,A,1950,7.554102,
GRC,POP,TOT,MLN_PER,A,1951,7.632801,
GRC,POP,TOT,MLN_PER,A,1952,7.743746,
GRC,POP,TOT,MLN_PER,A,1953,7.83611,
GRC,POP,TOT,MLN_PER,A,1954,7.893412,
GRC,POP,TOT,MLN_PER,A,1955,7.965538,
GRC,POP,TOT,MLN_PER,A,1956,8.031013,
GRC,POP,TOT,MLN_PER,A,1957,8.096218,
GRC,POP,TOT,MLN_PER,A,1958,8.173129,
GRC,POP,TOT,MLN_PER,A,1959,8.258162,
GRC,POP,TOT,MLN_PER,A,1960,8.331724,
GRC,POP,TOT,MLN_PER,A,1961,8.39805,
GRC,POP,TOT,MLN_PER,A,1962,8.448233,
GRC,POP,TOT,MLN_PER,A,1963,8.479625,
GRC,POP,TOT,MLN_PER,A,1964,8.510429,
GRC,POP,TOT,MLN_PER,A,1965,8.550333,
GRC,POP,TOT,MLN_PER,A,1966,8.613651,
GRC,POP,TOT,MLN_PER,A,1967,8.684088,
GRC,POP,TOT,MLN_PER,A,1968,8.740765,
GRC,POP,TOT,MLN_PER,A,1969,8.772764,
GRC,POP,TOT,MLN_PER,A,1970,8.792806,
GRC,POP,TOT,MLN_PER,A,1971,8.831036,
GRC,POP,TOT,MLN_PER,A,1972,8.888628,
GRC,POP,TOT,MLN_PER,A,1973,8.929086,
GRC,POP,TOT,MLN_PER,A,1974,8.962021,
GRC,POP,TOT,MLN_PER,A,1975,9.04654,
GRC,POP,TOT,MLN_PER,A,1976,9.18815,
GRC,POP,TOT,MLN_PER,A,1977,9.308479,
GRC,POP,TOT,MLN_PER,A,1978,9.429959,
GRC,POP,TOT,MLN_PER,A,1979,9.548258,
GRC,POP,TOT,MLN_PER,A,1980,9.642505,
GRC,POP,TOT,MLN_PER,A,1981,9.72935,
GRC,POP,TOT,MLN_PER,A,1982,9.789513,
GRC,POP,TOT,MLN_PER,A,1983,9.846627,
GRC,POP,TOT,MLN_PER,A,1984,9.895801,
GRC,POP,TOT,MLN_PER,A,1985,9.9343,
GRC,POP,TOT,MLN_PER,A,1986,9.967213,
GRC,POP,TOT,MLN_PER,A,1987,10.00059,
GRC,POP,TOT,MLN_PER,A,1988,10.03698,
GRC,POP,TOT,MLN_PER,A,1989,10.0895,
GRC,POP,TOT,MLN_PER,A,1990,10.1569,
GRC,POP,TOT,MLN_PER,A,1991,10.25629,
GRC,POP,TOT,MLN_PER,A,1992,10.36987,
GRC,POP,TOT,MLN_PER,A,1993,10.46553,
GRC,POP,TOT,MLN_PER,A,1994,10.55304,
GRC,POP,TOT,MLN_PER,A,1995,10.63438,
GRC,POP,TOT,MLN_PER,A,1996,10.70917,
GRC,POP,TOT,MLN_PER,A,1997,10.7765,
GRC,POP,TOT,MLN_PER,A,1998,10.83488,
GRC,POP,TOT,MLN_PER,A,1999,10.88258,
GRC,POP,TOT,MLN_PER,A,2000,10.91748,
GRC,POP,TOT,MLN_PER,A,2001,10.95,
GRC,POP,TOT,MLN_PER,A,2002,10.983,
GRC,POP,TOT,MLN_PER,A,2003,11.016,
GRC,POP,TOT,MLN_PER,A,2004,11.057,
GRC,POP,TOT,MLN_PER,A,2005,11.093,
GRC,POP,TOT,MLN_PER,A,2006,11.131,
GRC,POP,TOT,MLN_PER,A,2007,11.163,
GRC,POP,TOT,MLN_PER,A,2008,11.186,
GRC,POP,TOT,MLN_PER,A,2009,11.185,
GRC,POP,TOT,MLN_PER,A,2010,11.153,
GRC,POP,TOT,MLN_PER,A,2011,11.124,
GRC,POP,TOT,MLN_PER,A,2012,11.09,B
HUN,POP,TOT,MLN_PER,A,1955,9.825,
HUN,POP,TOT,MLN_PER,A,1956,9.856,
HUN,POP,TOT,MLN_PER,A,1957,9.839,
HUN,POP,TOT,MLN_PER,A,1958,9.882,
HUN,POP,TOT,MLN_PER,A,1959,9.937,
HUN,POP,TOT,MLN_PER,A,1960,9.984,
HUN,POP,TOT,MLN_PER,A,1961,10.028,
HUN,POP,TOT,MLN_PER,A,1962,10.061,
HUN,POP,TOT,MLN_PER,A,1963,10.088,
HUN,POP,TOT,MLN_PER,A,1964,10.12,
HUN,POP,TOT,MLN_PER,A,1965,10.148,
HUN,POP,TOT,MLN_PER,A,1966,10.179,
HUN,POP,TOT,MLN_PER,A,1967,10.217,
HUN,POP,TOT,MLN_PER,A,1968,10.256,
HUN,POP,TOT,MLN_PER,A,1969,10.294,
HUN,POP,TOT,MLN_PER,A,1970,10.338,
HUN,POP,TOT,MLN_PER,A,1971,10.368,
HUN,POP,TOT,MLN_PER,A,1972,10.398,
HUN,POP,TOT,MLN_PER,A,1973,10.432,
HUN,POP,TOT,MLN_PER,A,1974,10.479,
HUN,POP,TOT,MLN_PER,A,1975,10.541,
HUN,POP,TOT,MLN_PER,A,1976,10.599,
HUN,POP,TOT,MLN_PER,A,1977,10.648,
HUN,POP,TOT,MLN_PER,A,1978,10.685,
HUN,POP,TOT,MLN_PER,A,1979,10.711,
HUN,POP,TOT,MLN_PER,A,1980,10.711,
HUN,POP,TOT,MLN_PER,A,1981,10.712,
HUN,POP,TOT,MLN_PER,A,1982,10.706,
HUN,POP,TOT,MLN_PER,A,1983,10.689,
HUN,POP,TOT,MLN_PER,A,1984,10.668,
HUN,POP,TOT,MLN_PER,A,1985,10.649,
HUN,POP,TOT,MLN_PER,A,1986,10.631,
HUN,POP,TOT,MLN_PER,A,1987,10.613,
HUN,POP,TOT,MLN_PER,A,1988,10.596,
HUN,POP,TOT,MLN_PER,A,1989,10.578,
HUN,POP,TOT,MLN_PER,A,1990,10.374,
HUN,POP,TOT,MLN_PER,A,1991,10.373,
HUN,POP,TOT,MLN_PER,A,1992,10.369,
HUN,POP,TOT,MLN_PER,A,1993,10.358,
HUN,POP,TOT,MLN_PER,A,1994,10.343,
HUN,POP,TOT,MLN_PER,A,1995,10.329,
HUN,POP,TOT,MLN_PER,A,1996,10.311,
HUN,POP,TOT,MLN_PER,A,1997,10.29,
HUN,POP,TOT,MLN_PER,A,1998,10.267,
HUN,POP,TOT,MLN_PER,A,1999,10.238,
HUN,POP,TOT,MLN_PER,A,2000,10.211,
HUN,POP,TOT,MLN_PER,A,2001,10.188,
HUN,POP,TOT,MLN_PER,A,2002,10.159,
HUN,POP,TOT,MLN_PER,A,2003,10.13,
HUN,POP,TOT,MLN_PER,A,2004,10.107,
HUN,POP,TOT,MLN_PER,A,2005,10.087,B
HUN,POP,TOT,MLN_PER,A,2006,10.071,
HUN,POP,TOT,MLN_PER,A,2007,10.056,
HUN,POP,TOT,MLN_PER,A,2008,10.038,
HUN,POP,TOT,MLN_PER,A,2009,10.023,
HUN,POP,TOT,MLN_PER,A,2010,10,
HUN,POP,TOT,MLN_PER,A,2011,9.972,
HUN,POP,TOT,MLN_PER,A,2012,9.92,
HUN,POP,TOT,MLN_PER,A,2013,9.893,
HUN,POP,TOT,MLN_PER,A,2014,9.863,
ISL,POP,TOT,MLN_PER,A,1956,0.1614,
ISL,POP,TOT,MLN_PER,A,1957,0.1651,
ISL,POP,TOT,MLN_PER,A,1958,0.1688,
ISL,POP,TOT,MLN_PER,A,1959,0.1723,
ISL,POP,TOT,MLN_PER,A,1960,0.1759,
ISL,POP,TOT,MLN_PER,A,1961,0.1789,
ISL,POP,TOT,MLN_PER,A,1962,0.1821,
ISL,POP,TOT,MLN_PER,A,1963,0.1855,
ISL,POP,TOT,MLN_PER,A,1964,0.1888,
ISL,POP,TOT,MLN_PER,A,1965,0.1923,
ISL,POP,TOT,MLN_PER,A,1966,0.1956,
ISL,POP,TOT,MLN_PER,A,1967,0.1988,
ISL,POP,TOT,MLN_PER,A,1968,0.2015,
ISL,POP,TOT,MLN_PER,A,1969,0.2034,
ISL,POP,TOT,MLN_PER,A,1970,0.2045,
ISL,POP,TOT,MLN_PER,A,1971,0.2062,
ISL,POP,TOT,MLN_PER,A,1972,0.2092,
ISL,POP,TOT,MLN_PER,A,1973,0.2123,
ISL,POP,TOT,MLN_PER,A,1974,0.2152,
ISL,POP,TOT,MLN_PER,A,1975,0.218,
ISL,POP,TOT,MLN_PER,A,1976,0.2202,
ISL,POP,TOT,MLN_PER,A,1977,0.2218,
ISL,POP,TOT,MLN_PER,A,1978,0.2235,
ISL,POP,TOT,MLN_PER,A,1979,0.2257,
ISL,POP,TOT,MLN_PER,A,1980,0.2281,
ISL,POP,TOT,MLN_PER,A,1981,0.2308,
ISL,POP,TOT,MLN_PER,A,1982,0.234,
ISL,POP,TOT,MLN_PER,A,1983,0.237,
ISL,POP,TOT,MLN_PER,A,1984,0.2395,
ISL,POP,TOT,MLN_PER,A,1985,0.2414,
ISL,POP,TOT,MLN_PER,A,1986,0.2432,
ISL,POP,TOT,MLN_PER,A,1987,0.246,
ISL,POP,TOT,MLN_PER,A,1988,0.2499,
ISL,POP,TOT,MLN_PER,A,1989,0.2527,
ISL,POP,TOT,MLN_PER,A,1990,0.2548,
ISL,POP,TOT,MLN_PER,A,1991,0.258,
ISL,POP,TOT,MLN_PER,A,1992,0.2611,
ISL,POP,TOT,MLN_PER,A,1993,0.2638,
ISL,POP,TOT,MLN_PER,A,1994,0.266,
ISL,POP,TOT,MLN_PER,A,1995,0.2674,
ISL,POP,TOT,MLN_PER,A,1996,0.2689,
ISL,POP,TOT,MLN_PER,A,1997,0.2709,
ISL,POP,TOT,MLN_PER,A,1998,0.2738,
ISL,POP,TOT,MLN_PER,A,1999,0.2772,
ISL,POP,TOT,MLN_PER,A,2000,0.2812,
ISL,POP,TOT,MLN_PER,A,2001,0.285054,
ISL,POP,TOT,MLN_PER,A,2002,0.287559,
ISL,POP,TOT,MLN_PER,A,2003,0.289272,
ISL,POP,TOT,MLN_PER,A,2004,0.292587,
ISL,POP,TOT,MLN_PER,A,2005,0.295864,
ISL,POP,TOT,MLN_PER,A,2006,0.304334,
ISL,POP,TOT,MLN_PER,A,2007,0.311396,
ISL,POP,TOT,MLN_PER,A,2008,0.319355,
ISL,POP,TOT,MLN_PER,A,2009,0.319246,
ISL,POP,TOT,MLN_PER,A,2010,0.318006,
ISL,POP,TOT,MLN_PER,A,2011,0.319014,
ISL,POP,TOT,MLN_PER,A,2012,0.320716,
ISL,POP,TOT,MLN_PER,A,2013,0.323764,
ISL,POP,TOT,MLN_PER,A,2014,0.3273855,
IRL,POP,TOT,MLN_PER,A,1955,2.9209,
IRL,POP,TOT,MLN_PER,A,1956,2.8985,
IRL,POP,TOT,MLN_PER,A,1957,2.8853,
IRL,POP,TOT,MLN_PER,A,1958,2.8527,
IRL,POP,TOT,MLN_PER,A,1959,2.8456,
IRL,POP,TOT,MLN_PER,A,1960,2.8321,
IRL,POP,TOT,MLN_PER,A,1961,2.8183,
IRL,POP,TOT,MLN_PER,A,1962,2.8301,
IRL,POP,TOT,MLN_PER,A,1963,2.85,
IRL,POP,TOT,MLN_PER,A,1964,2.8638,
IRL,POP,TOT,MLN_PER,A,1965,2.8758,
IRL,POP,TOT,MLN_PER,A,1966,2.884,
IRL,POP,TOT,MLN_PER,A,1967,2.8997,
IRL,POP,TOT,MLN_PER,A,1968,2.9122,
IRL,POP,TOT,MLN_PER,A,1969,2.9252,
IRL,POP,TOT,MLN_PER,A,1970,2.9499,
IRL,POP,TOT,MLN_PER,A,1971,2.9782,
IRL,POP,TOT,MLN_PER,A,1972,3.0244,
IRL,POP,TOT,MLN_PER,A,1973,3.073,
IRL,POP,TOT,MLN_PER,A,1974,3.1239,
IRL,POP,TOT,MLN_PER,A,1975,3.1772,
IRL,POP,TOT,MLN_PER,A,1976,3.2278,
IRL,POP,TOT,MLN_PER,A,1977,3.2719,
IRL,POP,TOT,MLN_PER,A,1978,3.314,
IRL,POP,TOT,MLN_PER,A,1979,3.3682,
IRL,POP,TOT,MLN_PER,A,1980,3.401,
IRL,POP,TOT,MLN_PER,A,1981,3.4434,
IRL,POP,TOT,MLN_PER,A,1982,3.48,
IRL,POP,TOT,MLN_PER,A,1983,3.504,
IRL,POP,TOT,MLN_PER,A,1984,3.529,
IRL,POP,TOT,MLN_PER,A,1985,3.54,
IRL,POP,TOT,MLN_PER,A,1986,3.5406,
IRL,POP,TOT,MLN_PER,A,1987,3.5465,
IRL,POP,TOT,MLN_PER,A,1988,3.5307,
IRL,POP,TOT,MLN_PER,A,1989,3.5095,
IRL,POP,TOT,MLN_PER,A,1990,3.5058,
IRL,POP,TOT,MLN_PER,A,1991,3.5257,
IRL,POP,TOT,MLN_PER,A,1992,3.5545,
IRL,POP,TOT,MLN_PER,A,1993,3.5741,
IRL,POP,TOT,MLN_PER,A,1994,3.5859,
IRL,POP,TOT,MLN_PER,A,1995,3.6013,
IRL,POP,TOT,MLN_PER,A,1996,3.6261,
IRL,POP,TOT,MLN_PER,A,1997,3.6643,
IRL,POP,TOT,MLN_PER,A,1998,3.7031,
IRL,POP,TOT,MLN_PER,A,1999,3.7416,
IRL,POP,TOT,MLN_PER,A,2000,3.7895,
IRL,POP,TOT,MLN_PER,A,2001,3.8472,
IRL,POP,TOT,MLN_PER,A,2002,3.9172,
IRL,POP,TOT,MLN_PER,A,2003,3.9799,
IRL,POP,TOT,MLN_PER,A,2004,4.0452,
IRL,POP,TOT,MLN_PER,A,2005,4.1338,
IRL,POP,TOT,MLN_PER,A,2006,4.2329,
IRL,POP,TOT,MLN_PER,A,2007,4.3758,
IRL,POP,TOT,MLN_PER,A,2008,4.4851,
IRL,POP,TOT,MLN_PER,A,2009,4.5334,
IRL,POP,TOT,MLN_PER,A,2010,4.5548,
IRL,POP,TOT,MLN_PER,A,2011,4.5749,
IRL,POP,TOT,MLN_PER,A,2012,4.5854,
IRL,POP,TOT,MLN_PER,A,2013,4.5931,
IRL,POP,TOT,MLN_PER,A,2014,4.6099,
ITA,POP,TOT,MLN_PER,A,1956,47.657,
ITA,POP,TOT,MLN_PER,A,1957,47.93,
ITA,POP,TOT,MLN_PER,A,1958,48.321,
ITA,POP,TOT,MLN_PER,A,1959,48.604,
ITA,POP,TOT,MLN_PER,A,1960,48.967,
ITA,POP,TOT,MLN_PER,A,1961,49.156,
ITA,POP,TOT,MLN_PER,A,1962,49.563,
ITA,POP,TOT,MLN_PER,A,1963,49.936,
ITA,POP,TOT,MLN_PER,A,1964,50.439,
ITA,POP,TOT,MLN_PER,A,1965,50.84,
ITA,POP,TOT,MLN_PER,A,1966,51.227,
ITA,POP,TOT,MLN_PER,A,1967,51.664,
ITA,POP,TOT,MLN_PER,A,1968,52.042,
ITA,POP,TOT,MLN_PER,A,1969,52.376,
ITA,POP,TOT,MLN_PER,A,1970,52.771,
ITA,POP,TOT,MLN_PER,A,1971,53.124,
ITA,POP,TOT,MLN_PER,A,1972,53.499,
ITA,POP,TOT,MLN_PER,A,1973,53.882,
ITA,POP,TOT,MLN_PER,A,1974,54.39,
ITA,POP,TOT,MLN_PER,A,1975,54.764,
ITA,POP,TOT,MLN_PER,A,1976,55.07,
ITA,POP,TOT,MLN_PER,A,1977,55.266,
ITA,POP,TOT,MLN_PER,A,1978,55.446,
ITA,POP,TOT,MLN_PER,A,1979,55.602,
ITA,POP,TOT,MLN_PER,A,1980,55.657,
ITA,POP,TOT,MLN_PER,A,1981,55.774,
ITA,POP,TOT,MLN_PER,A,1982,55.995,
ITA,POP,TOT,MLN_PER,A,1983,56.228,
ITA,POP,TOT,MLN_PER,A,1984,56.344,
ITA,POP,TOT,MLN_PER,A,1985,56.498,
ITA,POP,TOT,MLN_PER,A,1986,56.576,
ITA,POP,TOT,MLN_PER,A,1987,56.664,
ITA,POP,TOT,MLN_PER,A,1988,56.763,
ITA,POP,TOT,MLN_PER,A,1989,56.837,
ITA,POP,TOT,MLN_PER,A,1990,56.737,
ITA,POP,TOT,MLN_PER,A,1991,56.76,
ITA,POP,TOT,MLN_PER,A,1992,56.859,B
ITA,POP,TOT,MLN_PER,A,1993,56.44193,
ITA,POP,TOT,MLN_PER,A,1994,56.62339,
ITA,POP,TOT,MLN_PER,A,1995,56.74459,
ITA,POP,TOT,MLN_PER,A,1996,56.82645,
ITA,POP,TOT,MLN_PER,A,1997,56.94104,
ITA,POP,TOT,MLN_PER,A,1998,57.04037,
ITA,POP,TOT,MLN_PER,A,1999,57.078,
ITA,POP,TOT,MLN_PER,A,2000,57.189,
ITA,POP,TOT,MLN_PER,A,2001,57.348,
ITA,POP,TOT,MLN_PER,A,2002,57.474,
ITA,POP,TOT,MLN_PER,A,2003,57.478,
ITA,POP,TOT,MLN_PER,A,2004,57.29746,
ITA,POP,TOT,MLN_PER,A,2005,57.71593,
ITA,POP,TOT,MLN_PER,A,2006,57.98418,
ITA,POP,TOT,MLN_PER,A,2007,58.27189,
ITA,POP,TOT,MLN_PER,A,2008,58.73968,
ITA,POP,TOT,MLN_PER,A,2009,59.14009,
ITA,POP,TOT,MLN_PER,A,2010,59.41965,
ITA,POP,TOT,MLN_PER,A,2011,59.65969,
ITA,POP,TOT,MLN_PER,A,2012,59.89803,
ITA,POP,TOT,MLN_PER,A,2013,60.22473,
ITA,POP,TOT,MLN_PER,A,2014,60.44791,
JPN,POP,TOT,MLN_PER,A,1955,89.276,
JPN,POP,TOT,MLN_PER,A,1956,90.259,
JPN,POP,TOT,MLN_PER,A,1957,91.088,
JPN,POP,TOT,MLN_PER,A,1958,92.01,
JPN,POP,TOT,MLN_PER,A,1959,92.973,
JPN,POP,TOT,MLN_PER,A,1960,93.419,
JPN,POP,TOT,MLN_PER,A,1961,94.285,
JPN,POP,TOT,MLN_PER,A,1962,95.178,
JPN,POP,TOT,MLN_PER,A,1963,96.156,
JPN,POP,TOT,MLN_PER,A,1964,97.186,
JPN,POP,TOT,MLN_PER,A,1965,98.275,
JPN,POP,TOT,MLN_PER,A,1966,99.054,
JPN,POP,TOT,MLN_PER,A,1967,100.243,
JPN,POP,TOT,MLN_PER,A,1968,101.408,
JPN,POP,TOT,MLN_PER,A,1969,102.648,
JPN,POP,TOT,MLN_PER,A,1970,103.72,
JPN,POP,TOT,MLN_PER,A,1971,105.014,
JPN,POP,TOT,MLN_PER,A,1972,107.332,
JPN,POP,TOT,MLN_PER,A,1973,108.71,
JPN,POP,TOT,MLN_PER,A,1974,110.049,
JPN,POP,TOT,MLN_PER,A,1975,111.94,
JPN,POP,TOT,MLN_PER,A,1976,113.089,
JPN,POP,TOT,MLN_PER,A,1977,114.154,
JPN,POP,TOT,MLN_PER,A,1978,115.174,
JPN,POP,TOT,MLN_PER,A,1979,116.133,
JPN,POP,TOT,MLN_PER,A,1980,117.06,
JPN,POP,TOT,MLN_PER,A,1981,117.884,
JPN,POP,TOT,MLN_PER,A,1982,118.693,
JPN,POP,TOT,MLN_PER,A,1983,119.483,
JPN,POP,TOT,MLN_PER,A,1984,120.235,
JPN,POP,TOT,MLN_PER,A,1985,121.049,
JPN,POP,TOT,MLN_PER,A,1986,121.672,
JPN,POP,TOT,MLN_PER,A,1987,122.264,
JPN,POP,TOT,MLN_PER,A,1988,122.783,
JPN,POP,TOT,MLN_PER,A,1989,123.255,
JPN,POP,TOT,MLN_PER,A,1990,123.611,
JPN,POP,TOT,MLN_PER,A,1991,124.043,
JPN,POP,TOT,MLN_PER,A,1992,124.452,
JPN,POP,TOT,MLN_PER,A,1993,124.764,
JPN,POP,TOT,MLN_PER,A,1994,125.034,
JPN,POP,TOT,MLN_PER,A,1995,125.57,
JPN,POP,TOT,MLN_PER,A,1996,125.864,
JPN,POP,TOT,MLN_PER,A,1997,126.166,
JPN,POP,TOT,MLN_PER,A,1998,126.4864,
JPN,POP,TOT,MLN_PER,A,1999,126.686,
JPN,POP,TOT,MLN_PER,A,2000,126.926,
JPN,POP,TOT,MLN_PER,A,2001,127.291,
JPN,POP,TOT,MLN_PER,A,2002,127.435,
JPN,POP,TOT,MLN_PER,A,2003,127.619,
JPN,POP,TOT,MLN_PER,A,2004,127.687,
JPN,POP,TOT,MLN_PER,A,2005,127.768,
JPN,POP,TOT,MLN_PER,A,2006,127.77,
JPN,POP,TOT,MLN_PER,A,2007,127.771,
JPN,POP,TOT,MLN_PER,A,2008,127.692,
JPN,POP,TOT,MLN_PER,A,2009,127.51,
JPN,POP,TOT,MLN_PER,A,2010,128.057,
JPN,POP,TOT,MLN_PER,A,2011,127.799,
JPN,POP,TOT,MLN_PER,A,2012,127.515,
JPN,POP,TOT,MLN_PER,A,2013,127.298,
KOR,POP,TOT,MLN_PER,A,1960,25.01237,
KOR,POP,TOT,MLN_PER,A,1961,25.76567,
KOR,POP,TOT,MLN_PER,A,1962,26.51303,
KOR,POP,TOT,MLN_PER,A,1963,27.26175,
KOR,POP,TOT,MLN_PER,A,1964,27.98415,
KOR,POP,TOT,MLN_PER,A,1965,28.70467,
KOR,POP,TOT,MLN_PER,A,1966,29.43557,
KOR,POP,TOT,MLN_PER,A,1967,30.13098,
KOR,POP,TOT,MLN_PER,A,1968,30.8383,
KOR,POP,TOT,MLN_PER,A,1969,31.54427,
KOR,POP,TOT,MLN_PER,A,1970,32.24083,
KOR,POP,TOT,MLN_PER,A,1971,32.8827,
KOR,POP,TOT,MLN_PER,A,1972,33.50541,
KOR,POP,TOT,MLN_PER,A,1973,34.10315,
KOR,POP,TOT,MLN_PER,A,1974,34.69227,
KOR,POP,TOT,MLN_PER,A,1975,35.28073,
KOR,POP,TOT,MLN_PER,A,1976,35.84852,
KOR,POP,TOT,MLN_PER,A,1977,36.4118,
KOR,POP,TOT,MLN_PER,A,1978,36.96918,
KOR,POP,TOT,MLN_PER,A,1979,37.53423,
KOR,POP,TOT,MLN_PER,A,1980,38.12377,
KOR,POP,TOT,MLN_PER,A,1981,38.72325,
KOR,POP,TOT,MLN_PER,A,1982,39.32635,
KOR,POP,TOT,MLN_PER,A,1983,39.9104,
KOR,POP,TOT,MLN_PER,A,1984,40.40596,
KOR,POP,TOT,MLN_PER,A,1985,40.80574,
KOR,POP,TOT,MLN_PER,A,1986,41.21368,
KOR,POP,TOT,MLN_PER,A,1987,41.62169,
KOR,POP,TOT,MLN_PER,A,1988,42.03125,
KOR,POP,TOT,MLN_PER,A,1989,42.44904,
KOR,POP,TOT,MLN_PER,A,1990,42.86928,
KOR,POP,TOT,MLN_PER,A,1991,43.2957,
KOR,POP,TOT,MLN_PER,A,1992,43.74796,
KOR,POP,TOT,MLN_PER,A,1993,44.19463,
KOR,POP,TOT,MLN_PER,A,1994,44.64154,
KOR,POP,TOT,MLN_PER,A,1995,45.09299,
KOR,POP,TOT,MLN_PER,A,1996,45.52468,
KOR,POP,TOT,MLN_PER,A,1997,45.95358,
KOR,POP,TOT,MLN_PER,A,1998,46.2865,
KOR,POP,TOT,MLN_PER,A,1999,46.61668,
KOR,POP,TOT,MLN_PER,A,2000,47.00811,
KOR,POP,TOT,MLN_PER,A,2001,47.35736,
KOR,POP,TOT,MLN_PER,A,2002,47.62218,
KOR,POP,TOT,MLN_PER,A,2003,47.85931,
KOR,POP,TOT,MLN_PER,A,2004,48.03941,
KOR,POP,TOT,MLN_PER,A,2005,48.13808,
KOR,POP,TOT,MLN_PER,A,2006,48.37195,
KOR,POP,TOT,MLN_PER,A,2007,48.59765,
KOR,POP,TOT,MLN_PER,A,2008,48.9487,
KOR,POP,TOT,MLN_PER,A,2009,49.18204,
KOR,POP,TOT,MLN_PER,A,2010,49.41037,B
KOR,POP,TOT,MLN_PER,A,2011,49.77944,
KOR,POP,TOT,MLN_PER,A,2012,50.00444,
KOR,POP,TOT,MLN_PER,A,2013,50.22,
KOR,POP,TOT,MLN_PER,A,2014,50.424,
LUX,POP,TOT,MLN_PER,A,1955,0.305,
LUX,POP,TOT,MLN_PER,A,1956,0.306597,
LUX,POP,TOT,MLN_PER,A,1957,0.30807,
LUX,POP,TOT,MLN_PER,A,1958,0.30961,
LUX,POP,TOT,MLN_PER,A,1959,0.311508,
LUX,POP,TOT,MLN_PER,A,1960,0.313969,
LUX,POP,TOT,MLN_PER,A,1961,0.316844,
LUX,POP,TOT,MLN_PER,A,1962,0.32075,
LUX,POP,TOT,MLN_PER,A,1963,0.3241,
LUX,POP,TOT,MLN_PER,A,1964,0.32775,
LUX,POP,TOT,MLN_PER,A,1965,0.3315,
LUX,POP,TOT,MLN_PER,A,1966,0.333895,
LUX,POP,TOT,MLN_PER,A,1967,0.334995,
LUX,POP,TOT,MLN_PER,A,1968,0.33585,
LUX,POP,TOT,MLN_PER,A,1969,0.3375,
LUX,POP,TOT,MLN_PER,A,1970,0.33917,
LUX,POP,TOT,MLN_PER,A,1971,0.34242,
LUX,POP,TOT,MLN_PER,A,1972,0.3466,
LUX,POP,TOT,MLN_PER,A,1973,0.35045,
LUX,POP,TOT,MLN_PER,A,1974,0.35505,
LUX,POP,TOT,MLN_PER,A,1975,0.35895,
LUX,POP,TOT,MLN_PER,A,1976,0.360731,
LUX,POP,TOT,MLN_PER,A,1977,0.361357,
LUX,POP,TOT,MLN_PER,A,1978,0.362007,
LUX,POP,TOT,MLN_PER,A,1979,0.362855,
LUX,POP,TOT,MLN_PER,A,1980,0.36415,
LUX,POP,TOT,MLN_PER,A,1981,0.365225,
LUX,POP,TOT,MLN_PER,A,1982,0.365525,
LUX,POP,TOT,MLN_PER,A,1983,0.365622,
LUX,POP,TOT,MLN_PER,A,1984,0.365998,
LUX,POP,TOT,MLN_PER,A,1985,0.366706,
LUX,POP,TOT,MLN_PER,A,1986,0.368355,
LUX,POP,TOT,MLN_PER,A,1987,0.37075,
LUX,POP,TOT,MLN_PER,A,1988,0.37345,
LUX,POP,TOT,MLN_PER,A,1989,0.3771,
LUX,POP,TOT,MLN_PER,A,1990,0.38185,
LUX,POP,TOT,MLN_PER,A,1991,0.387,
LUX,POP,TOT,MLN_PER,A,1992,0.392175,
LUX,POP,TOT,MLN_PER,A,1993,0.397475,
LUX,POP,TOT,MLN_PER,A,1994,0.402925,
LUX,POP,TOT,MLN_PER,A,1995,0.408625,
LUX,POP,TOT,MLN_PER,A,1996,0.414225,
LUX,POP,TOT,MLN_PER,A,1997,0.41945,
LUX,POP,TOT,MLN_PER,A,1998,0.4247,
LUX,POP,TOT,MLN_PER,A,1999,0.430475,
LUX,POP,TOT,MLN_PER,A,2000,0.4363,
LUX,POP,TOT,MLN_PER,A,2001,0.4415,
LUX,POP,TOT,MLN_PER,A,2002,0.4462,
LUX,POP,TOT,MLN_PER,A,2003,0.45,
LUX,POP,TOT,MLN_PER,A,2004,0.455,
LUX,POP,TOT,MLN_PER,A,2005,0.4612,
LUX,POP,TOT,MLN_PER,A,2006,0.4691,
LUX,POP,TOT,MLN_PER,A,2007,0.4762,
LUX,POP,TOT,MLN_PER,A,2008,0.4838,
LUX,POP,TOT,MLN_PER,A,2009,0.4935,
LUX,POP,TOT,MLN_PER,A,2010,0.5021,
LUX,POP,TOT,MLN_PER,A,2011,0.5118,
LUX,POP,TOT,MLN_PER,A,2012,0.5249,
LUX,POP,TOT,MLN_PER,A,2013,0.537,
LUX,POP,TOT,MLN_PER,A,2014,0.5497,
MEX,POP,TOT,MLN_PER,A,1970,50.78524,
MEX,POP,TOT,MLN_PER,A,1971,52.34549,
MEX,POP,TOT,MLN_PER,A,1972,53.94499,
MEX,POP,TOT,MLN_PER,A,1973,55.57468,
MEX,POP,TOT,MLN_PER,A,1974,57.2322,
MEX,POP,TOT,MLN_PER,A,1975,58.9102,
MEX,POP,TOT,MLN_PER,A,1976,60.60077,
MEX,POP,TOT,MLN_PER,A,1977,62.29748,
MEX,POP,TOT,MLN_PER,A,1978,63.99456,
MEX,POP,TOT,MLN_PER,A,1979,65.68927,
MEX,POP,TOT,MLN_PER,A,1980,67.38423,
MEX,POP,TOT,MLN_PER,A,1981,69.08197,
MEX,POP,TOT,MLN_PER,A,1982,70.78277,
MEX,POP,TOT,MLN_PER,A,1983,72.47754,
MEX,POP,TOT,MLN_PER,A,1984,74.15733,
MEX,POP,TOT,MLN_PER,A,1985,75.82015,
MEX,POP,TOT,MLN_PER,A,1986,77.46854,
MEX,POP,TOT,MLN_PER,A,1987,79.10466,
MEX,POP,TOT,MLN_PER,A,1988,80.73296,
MEX,POP,TOT,MLN_PER,A,1989,82.35509,
MEX,POP,TOT,MLN_PER,A,1990,83.97102,
MEX,POP,TOT,MLN_PER,A,1991,85.58334,
MEX,POP,TOT,MLN_PER,A,1992,87.18483,
MEX,POP,TOT,MLN_PER,A,1993,88.75202,
MEX,POP,TOT,MLN_PER,A,1994,90.26577,
MEX,POP,TOT,MLN_PER,A,1995,91.72453,
MEX,POP,TOT,MLN_PER,A,1996,93.13009,
MEX,POP,TOT,MLN_PER,A,1997,94.47805,
MEX,POP,TOT,MLN_PER,A,1998,95.79013,
MEX,POP,TOT,MLN_PER,A,1999,97.11483,
MEX,POP,TOT,MLN_PER,A,2000,98.43855,
MEX,POP,TOT,MLN_PER,A,2001,99.71552,
MEX,POP,TOT,MLN_PER,A,2002,100.9094,
MEX,POP,TOT,MLN_PER,A,2003,101.9996,
MEX,POP,TOT,MLN_PER,A,2004,103.0019,
MEX,POP,TOT,MLN_PER,A,2005,107.151,
MEX,POP,TOT,MLN_PER,A,2006,108.4088,
MEX,POP,TOT,MLN_PER,A,2007,109.7874,
MEX,POP,TOT,MLN_PER,A,2008,111.299,
MEX,POP,TOT,MLN_PER,A,2009,112.8526,
MEX,POP,TOT,MLN_PER,A,2010,114.2556,
MEX,POP,TOT,MLN_PER,A,2011,115.6829,
MEX,POP,TOT,MLN_PER,A,2012,117.0538,
MEX,POP,TOT,MLN_PER,A,2013,118.3951,
MEX,POP,TOT,MLN_PER,A,2014,119.713,
NLD,POP,TOT,MLN_PER,A,1950,10.11353,
NLD,POP,TOT,MLN_PER,A,1951,10.26431,
NLD,POP,TOT,MLN_PER,A,1952,10.38198,
NLD,POP,TOT,MLN_PER,A,1953,10.49318,
NLD,POP,TOT,MLN_PER,A,1954,10.61538,
NLD,POP,TOT,MLN_PER,A,1955,10.75084,
NLD,POP,TOT,MLN_PER,A,1956,10.88936,
NLD,POP,TOT,MLN_PER,A,1957,11.02638,
NLD,POP,TOT,MLN_PER,A,1958,11.18688,
NLD,POP,TOT,MLN_PER,A,1959,11.34763,
NLD,POP,TOT,MLN_PER,A,1960,11.48663,
NLD,POP,TOT,MLN_PER,A,1961,11.63871,
NLD,POP,TOT,MLN_PER,A,1962,11.80569,
NLD,POP,TOT,MLN_PER,A,1963,11.96597,
NLD,POP,TOT,MLN_PER,A,1964,12.12712,
NLD,POP,TOT,MLN_PER,A,1965,12.29473,
NLD,POP,TOT,MLN_PER,A,1966,12.45625,
NLD,POP,TOT,MLN_PER,A,1967,12.5982,
NLD,POP,TOT,MLN_PER,A,1968,12.72972,
NLD,POP,TOT,MLN_PER,A,1969,12.87798,
NLD,POP,TOT,MLN_PER,A,1970,13.03853,
NLD,POP,TOT,MLN_PER,A,1971,13.1945,
NLD,POP,TOT,MLN_PER,A,1972,13.32859,
NLD,POP,TOT,MLN_PER,A,1973,13.43932,
NLD,POP,TOT,MLN_PER,A,1974,13.54506,
NLD,POP,TOT,MLN_PER,A,1975,13.66633,
NLD,POP,TOT,MLN_PER,A,1976,13.77404,
NLD,POP,TOT,MLN_PER,A,1977,13.85618,
NLD,POP,TOT,MLN_PER,A,1978,13.9417,
NLD,POP,TOT,MLN_PER,A,1979,14.03827,
NLD,POP,TOT,MLN_PER,A,1980,14.1498,
NLD,POP,TOT,MLN_PER,A,1981,14.24721,
NLD,POP,TOT,MLN_PER,A,1982,14.31269,
NLD,POP,TOT,MLN_PER,A,1983,14.36707,
NLD,POP,TOT,MLN_PER,A,1984,14.42421,
NLD,POP,TOT,MLN_PER,A,1985,14.49163,
NLD,POP,TOT,MLN_PER,A,1986,14.57228,
NLD,POP,TOT,MLN_PER,A,1987,14.66504,
NLD,POP,TOT,MLN_PER,A,1988,14.76009,
NLD,POP,TOT,MLN_PER,A,1989,14.84891,
NLD,POP,TOT,MLN_PER,A,1990,14.95151,
NLD,POP,TOT,MLN_PER,A,1991,15.0698,
NLD,POP,TOT,MLN_PER,A,1992,15.18417,
NLD,POP,TOT,MLN_PER,A,1993,15.29037,
NLD,POP,TOT,MLN_PER,A,1994,15.38284,
NLD,POP,TOT,MLN_PER,A,1995,15.45901,
NLD,POP,TOT,MLN_PER,A,1996,15.5305,
NLD,POP,TOT,MLN_PER,A,1997,15.61065,
NLD,POP,TOT,MLN_PER,A,1998,15.70721,
NLD,POP,TOT,MLN_PER,A,1999,15.81209,
NLD,POP,TOT,MLN_PER,A,2000,15.92551,
NLD,POP,TOT,MLN_PER,A,2001,16.04618,
NLD,POP,TOT,MLN_PER,A,2002,16.14893,
NLD,POP,TOT,MLN_PER,A,2003,16.2253,
NLD,POP,TOT,MLN_PER,A,2004,16.28178,
NLD,POP,TOT,MLN_PER,A,2005,16.31987,
NLD,POP,TOT,MLN_PER,A,2006,16.3461,
NLD,POP,TOT,MLN_PER,A,2007,16.3817,
NLD,POP,TOT,MLN_PER,A,2008,16.44559,
NLD,POP,TOT,MLN_PER,A,2009,16.53039,
NLD,POP,TOT,MLN_PER,A,2010,16.61539,
NLD,POP,TOT,MLN_PER,A,2011,16.69307,
NLD,POP,TOT,MLN_PER,A,2012,16.75496,
NLD,POP,TOT,MLN_PER,A,2013,16.80443,B
NZL,POP,TOT,MLN_PER,A,1956,2.183,
NZL,POP,TOT,MLN_PER,A,1957,2.233,
NZL,POP,TOT,MLN_PER,A,1958,2.286,
NZL,POP,TOT,MLN_PER,A,1959,2.335,
NZL,POP,TOT,MLN_PER,A,1960,2.377,
NZL,POP,TOT,MLN_PER,A,1961,2.427,
NZL,POP,TOT,MLN_PER,A,1962,2.485,
NZL,POP,TOT,MLN_PER,A,1963,2.537,
NZL,POP,TOT,MLN_PER,A,1964,2.589,
NZL,POP,TOT,MLN_PER,A,1965,2.635,
NZL,POP,TOT,MLN_PER,A,1966,2.683,
NZL,POP,TOT,MLN_PER,A,1967,2.728,
NZL,POP,TOT,MLN_PER,A,1968,2.754,
NZL,POP,TOT,MLN_PER,A,1969,2.78,
NZL,POP,TOT,MLN_PER,A,1970,2.82,
NZL,POP,TOT,MLN_PER,A,1971,2.864,
NZL,POP,TOT,MLN_PER,A,1972,2.913,
NZL,POP,TOT,MLN_PER,A,1973,2.971,
NZL,POP,TOT,MLN_PER,A,1974,3.032,
NZL,POP,TOT,MLN_PER,A,1975,3.087,
NZL,POP,TOT,MLN_PER,A,1976,3.116,
NZL,POP,TOT,MLN_PER,A,1977,3.128,
NZL,POP,TOT,MLN_PER,A,1978,3.129,
NZL,POP,TOT,MLN_PER,A,1979,3.124,
NZL,POP,TOT,MLN_PER,A,1980,3.144,
NZL,POP,TOT,MLN_PER,A,1981,3.157,
NZL,POP,TOT,MLN_PER,A,1982,3.183,
NZL,POP,TOT,MLN_PER,A,1983,3.226,
NZL,POP,TOT,MLN_PER,A,1984,3.258,
NZL,POP,TOT,MLN_PER,A,1985,3.272,
NZL,POP,TOT,MLN_PER,A,1986,3.277,
NZL,POP,TOT,MLN_PER,A,1987,3.304,
NZL,POP,TOT,MLN_PER,A,1988,3.317,
NZL,POP,TOT,MLN_PER,A,1989,3.33,
NZL,POP,TOT,MLN_PER,A,1990,3.363,B
NZL,POP,TOT,MLN_PER,A,1991,3.4951,
NZL,POP,TOT,MLN_PER,A,1992,3.5317,
NZL,POP,TOT,MLN_PER,A,1993,3.5722,
NZL,POP,TOT,MLN_PER,A,1994,3.62,
NZL,POP,TOT,MLN_PER,A,1995,3.6734,
NZL,POP,TOT,MLN_PER,A,1996,3.732,
NZL,POP,TOT,MLN_PER,A,1997,3.7813,
NZL,POP,TOT,MLN_PER,A,1998,3.815,
NZL,POP,TOT,MLN_PER,A,1999,3.8351,
NZL,POP,TOT,MLN_PER,A,2000,3.8577,
NZL,POP,TOT,MLN_PER,A,2001,3.8805,
NZL,POP,TOT,MLN_PER,A,2002,3.9485,
NZL,POP,TOT,MLN_PER,A,2003,4.0272,
NZL,POP,TOT,MLN_PER,A,2004,4.0875,
NZL,POP,TOT,MLN_PER,A,2005,4.1339,
NZL,POP,TOT,MLN_PER,A,2006,4.1846,
NZL,POP,TOT,MLN_PER,A,2007,4.2238,
NZL,POP,TOT,MLN_PER,A,2008,4.2598,
NZL,POP,TOT,MLN_PER,A,2009,4.3026,
NZL,POP,TOT,MLN_PER,A,2010,4.3507,
NZL,POP,TOT,MLN_PER,A,2011,4.384,
NZL,POP,TOT,MLN_PER,A,2012,4.4081,
NZL,POP,TOT,MLN_PER,A,2013,4.4421,
NZL,POP,TOT,MLN_PER,A,2014,4.5097,
NOR,POP,TOT,MLN_PER,A,1956,3.462,
NOR,POP,TOT,MLN_PER,A,1957,3.494,
NOR,POP,TOT,MLN_PER,A,1958,3.525,
NOR,POP,TOT,MLN_PER,A,1959,3.556,
NOR,POP,TOT,MLN_PER,A,1960,3.585,
NOR,POP,TOT,MLN_PER,A,1961,3.615,
NOR,POP,TOT,MLN_PER,A,1962,3.639,
NOR,POP,TOT,MLN_PER,A,1963,3.667,
NOR,POP,TOT,MLN_PER,A,1964,3.694,
NOR,POP,TOT,MLN_PER,A,1965,3.723,
NOR,POP,TOT,MLN_PER,A,1966,3.753,
NOR,POP,TOT,MLN_PER,A,1967,3.785,
NOR,POP,TOT,MLN_PER,A,1968,3.819,
NOR,POP,TOT,MLN_PER,A,1969,3.851,
NOR,POP,TOT,MLN_PER,A,1970,3.879,
NOR,POP,TOT,MLN_PER,A,1971,3.903,
NOR,POP,TOT,MLN_PER,A,1972,3.933,
NOR,POP,TOT,MLN_PER,A,1973,3.961,
NOR,POP,TOT,MLN_PER,A,1974,3.985,
NOR,POP,TOT,MLN_PER,A,1975,4.007,
NOR,POP,TOT,MLN_PER,A,1976,4.026,
NOR,POP,TOT,MLN_PER,A,1977,4.043,
NOR,POP,TOT,MLN_PER,A,1978,4.059,
NOR,POP,TOT,MLN_PER,A,1979,4.073,
NOR,POP,TOT,MLN_PER,A,1980,4.086,
NOR,POP,TOT,MLN_PER,A,1981,4.1,
NOR,POP,TOT,MLN_PER,A,1982,4.115,
NOR,POP,TOT,MLN_PER,A,1983,4.128,
NOR,POP,TOT,MLN_PER,A,1984,4.14,
NOR,POP,TOT,MLN_PER,A,1985,4.153,
NOR,POP,TOT,MLN_PER,A,1986,4.169,
NOR,POP,TOT,MLN_PER,A,1987,4.187,
NOR,POP,TOT,MLN_PER,A,1988,4.209,
NOR,POP,TOT,MLN_PER,A,1989,4.227,
NOR,POP,TOT,MLN_PER,A,1990,4.241,
NOR,POP,TOT,MLN_PER,A,1991,4.262,
NOR,POP,TOT,MLN_PER,A,1992,4.287,
NOR,POP,TOT,MLN_PER,A,1993,4.312,
NOR,POP,TOT,MLN_PER,A,1994,4.337,
NOR,POP,TOT,MLN_PER,A,1995,4.358979,
NOR,POP,TOT,MLN_PER,A,1996,4.381335,
NOR,POP,TOT,MLN_PER,A,1997,4.405157,
NOR,POP,TOT,MLN_PER,A,1998,4.431464,
NOR,POP,TOT,MLN_PER,A,1999,4.462,
NOR,POP,TOT,MLN_PER,A,2000,4.491,
NOR,POP,TOT,MLN_PER,A,2001,4.514,
NOR,POP,TOT,MLN_PER,A,2002,4.538,
NOR,POP,TOT,MLN_PER,A,2003,4.564,
NOR,POP,TOT,MLN_PER,A,2004,4.59191,
NOR,POP,TOT,MLN_PER,A,2005,4.623291,
NOR,POP,TOT,MLN_PER,A,2006,4.661,
NOR,POP,TOT,MLN_PER,A,2007,4.709,
NOR,POP,TOT,MLN_PER,A,2008,4.768,
NOR,POP,TOT,MLN_PER,A,2009,4.828726,
NOR,POP,TOT,MLN_PER,A,2010,4.889,
NOR,POP,TOT,MLN_PER,A,2011,4.953,
NOR,POP,TOT,MLN_PER,A,2012,5.019,
NOR,POP,TOT,MLN_PER,A,2013,5.08,
NOR,POP,TOT,MLN_PER,A,2014,5.137,
POL,POP,TOT,MLN_PER,A,1955,27.281,
POL,POP,TOT,MLN_PER,A,1956,27.815,
POL,POP,TOT,MLN_PER,A,1957,28.31,
POL,POP,TOT,MLN_PER,A,1958,28.77,
POL,POP,TOT,MLN_PER,A,1959,29.24,
POL,POP,TOT,MLN_PER,A,1960,29.561,
POL,POP,TOT,MLN_PER,A,1961,29.965,
POL,POP,TOT,MLN_PER,A,1962,30.324,
POL,POP,TOT,MLN_PER,A,1963,30.691,
POL,POP,TOT,MLN_PER,A,1964,31.161,
POL,POP,TOT,MLN_PER,A,1965,31.496,
POL,POP,TOT,MLN_PER,A,1966,31.698,
POL,POP,TOT,MLN_PER,A,1967,31.944,
POL,POP,TOT,MLN_PER,A,1968,32.305,
POL,POP,TOT,MLN_PER,A,1969,32.555,
POL,POP,TOT,MLN_PER,A,1970,32.526,
POL,POP,TOT,MLN_PER,A,1971,32.805,
POL,POP,TOT,MLN_PER,A,1972,33.068,
POL,POP,TOT,MLN_PER,A,1973,33.363,
POL,POP,TOT,MLN_PER,A,1974,33.691,
POL,POP,TOT,MLN_PER,A,1975,34.022,
POL,POP,TOT,MLN_PER,A,1976,34.362,
POL,POP,TOT,MLN_PER,A,1977,34.698,
POL,POP,TOT,MLN_PER,A,1978,35.01,
POL,POP,TOT,MLN_PER,A,1979,35.257,
POL,POP,TOT,MLN_PER,A,1980,35.578,
POL,POP,TOT,MLN_PER,A,1981,35.902,
POL,POP,TOT,MLN_PER,A,1982,36.227,
POL,POP,TOT,MLN_PER,A,1983,36.571,
POL,POP,TOT,MLN_PER,A,1984,36.914,
POL,POP,TOT,MLN_PER,A,1985,37.203,
POL,POP,TOT,MLN_PER,A,1986,37.456,
POL,POP,TOT,MLN_PER,A,1987,37.664,
POL,POP,TOT,MLN_PER,A,1988,37.862,
POL,POP,TOT,MLN_PER,A,1989,37.937,
POL,POP,TOT,MLN_PER,A,1990,38.031,
POL,POP,TOT,MLN_PER,A,1991,38.109,
POL,POP,TOT,MLN_PER,A,1992,38.173,
POL,POP,TOT,MLN_PER,A,1993,38.221,
POL,POP,TOT,MLN_PER,A,1994,38.252,
POL,POP,TOT,MLN_PER,A,1995,38.275,
POL,POP,TOT,MLN_PER,A,1996,38.289,
POL,POP,TOT,MLN_PER,A,1997,38.292,
POL,POP,TOT,MLN_PER,A,1998,38.283,
POL,POP,TOT,MLN_PER,A,1999,38.27,B
POL,POP,TOT,MLN_PER,A,2000,38.256,
POL,POP,TOT,MLN_PER,A,2001,38.251,
POL,POP,TOT,MLN_PER,A,2002,38.232,
POL,POP,TOT,MLN_PER,A,2003,38.195,
POL,POP,TOT,MLN_PER,A,2004,38.18,
POL,POP,TOT,MLN_PER,A,2005,38.161,
POL,POP,TOT,MLN_PER,A,2006,38.132,
POL,POP,TOT,MLN_PER,A,2007,38.116,
POL,POP,TOT,MLN_PER,A,2008,38.116,
POL,POP,TOT,MLN_PER,A,2009,38.153,
POL,POP,TOT,MLN_PER,A,2010,38.517,
POL,POP,TOT,MLN_PER,A,2011,38.526,
POL,POP,TOT,MLN_PER,A,2012,38.534,
POL,POP,TOT,MLN_PER,A,2013,38.502,
POL,POP,TOT,MLN_PER,A,2014,38.484,
PRT,POP,TOT,MLN_PER,A,1950,8.439171,
PRT,POP,TOT,MLN_PER,A,1951,8.493316,
PRT,POP,TOT,MLN_PER,A,1952,8.556085,
PRT,POP,TOT,MLN_PER,A,1953,8.581255,
PRT,POP,TOT,MLN_PER,A,1954,8.6057,
PRT,POP,TOT,MLN_PER,A,1955,8.640325,
PRT,POP,TOT,MLN_PER,A,1956,8.68302,
PRT,POP,TOT,MLN_PER,A,1957,8.712675,
PRT,POP,TOT,MLN_PER,A,1958,8.749935,
PRT,POP,TOT,MLN_PER,A,1959,8.800845,
PRT,POP,TOT,MLN_PER,A,1960,8.857716,
PRT,POP,TOT,MLN_PER,A,1961,8.929316,
PRT,POP,TOT,MLN_PER,A,1962,8.993985,
PRT,POP,TOT,MLN_PER,A,1963,9.030355,
PRT,POP,TOT,MLN_PER,A,1964,9.035365,
PRT,POP,TOT,MLN_PER,A,1965,8.998595,
PRT,POP,TOT,MLN_PER,A,1966,8.93099,
PRT,POP,TOT,MLN_PER,A,1967,8.87452,
PRT,POP,TOT,MLN_PER,A,1968,8.83665,
PRT,POP,TOT,MLN_PER,A,1969,8.757705,
PRT,POP,TOT,MLN_PER,A,1970,8.680431,
PRT,POP,TOT,MLN_PER,A,1971,8.643756,
PRT,POP,TOT,MLN_PER,A,1972,8.63043,
PRT,POP,TOT,MLN_PER,A,1973,8.6331,
PRT,POP,TOT,MLN_PER,A,1974,8.754365,
PRT,POP,TOT,MLN_PER,A,1975,9.09347,
PRT,POP,TOT,MLN_PER,A,1976,9.35581,
PRT,POP,TOT,MLN_PER,A,1977,9.455675,
PRT,POP,TOT,MLN_PER,A,1978,9.55825,
PRT,POP,TOT,MLN_PER,A,1979,9.661265,
PRT,POP,TOT,MLN_PER,A,1980,9.766312,
PRT,POP,TOT,MLN_PER,A,1981,9.851362,
PRT,POP,TOT,MLN_PER,A,1982,9.91177,
PRT,POP,TOT,MLN_PER,A,1983,9.957865,
PRT,POP,TOT,MLN_PER,A,1984,9.996232,
PRT,POP,TOT,MLN_PER,A,1985,10.02361,
PRT,POP,TOT,MLN_PER,A,1986,10.03273,
PRT,POP,TOT,MLN_PER,A,1987,10.03003,
PRT,POP,TOT,MLN_PER,A,1988,10.01961,
PRT,POP,TOT,MLN_PER,A,1989,10.005,
PRT,POP,TOT,MLN_PER,A,1990,9.983218,
PRT,POP,TOT,MLN_PER,A,1991,9.960235,
PRT,POP,TOT,MLN_PER,A,1992,9.952493,
PRT,POP,TOT,MLN_PER,A,1993,9.964674,
PRT,POP,TOT,MLN_PER,A,1994,9.991525,
PRT,POP,TOT,MLN_PER,A,1995,10.02618,
PRT,POP,TOT,MLN_PER,A,1996,10.06394,
PRT,POP,TOT,MLN_PER,A,1997,10.10898,
PRT,POP,TOT,MLN_PER,A,1998,10.1602,
PRT,POP,TOT,MLN_PER,A,1999,10.21783,
PRT,POP,TOT,MLN_PER,A,2000,10.2899,
PRT,POP,TOT,MLN_PER,A,2001,10.36272,
PRT,POP,TOT,MLN_PER,A,2002,10.41963,
PRT,POP,TOT,MLN_PER,A,2003,10.45882,
PRT,POP,TOT,MLN_PER,A,2004,10.48386,
PRT,POP,TOT,MLN_PER,A,2005,10.50333,
PRT,POP,TOT,MLN_PER,A,2006,10.52229,
PRT,POP,TOT,MLN_PER,A,2007,10.54296,
PRT,POP,TOT,MLN_PER,A,2008,10.55818,
PRT,POP,TOT,MLN_PER,A,2009,10.56825,
PRT,POP,TOT,MLN_PER,A,2010,10.5731,
PRT,POP,TOT,MLN_PER,A,2011,10.55756,
PRT,POP,TOT,MLN_PER,A,2012,10.51484,
PRT,POP,TOT,MLN_PER,A,2013,10.45729,B
SVK,POP,TOT,MLN_PER,A,1950,3.463446,
SVK,POP,TOT,MLN_PER,A,1951,3.508698,
SVK,POP,TOT,MLN_PER,A,1952,3.558137,
SVK,POP,TOT,MLN_PER,A,1953,3.598761,
SVK,POP,TOT,MLN_PER,A,1954,3.661437,
SVK,POP,TOT,MLN_PER,A,1955,3.726601,
SVK,POP,TOT,MLN_PER,A,1956,3.787111,
SVK,POP,TOT,MLN_PER,A,1957,3.844277,
SVK,POP,TOT,MLN_PER,A,1958,3.899751,
SVK,POP,TOT,MLN_PER,A,1959,3.946039,
SVK,POP,TOT,MLN_PER,A,1960,4.068094,
SVK,POP,TOT,MLN_PER,A,1961,4.191667,
SVK,POP,TOT,MLN_PER,A,1962,4.238188,
SVK,POP,TOT,MLN_PER,A,1963,4.282016,
SVK,POP,TOT,MLN_PER,A,1964,4.327341,
SVK,POP,TOT,MLN_PER,A,1965,4.370983,
SVK,POP,TOT,MLN_PER,A,1966,4.411666,
SVK,POP,TOT,MLN_PER,A,1967,4.449367,
SVK,POP,TOT,MLN_PER,A,1968,4.483914,
SVK,POP,TOT,MLN_PER,A,1969,4.518607,
SVK,POP,TOT,MLN_PER,A,1970,4.538222,
SVK,POP,TOT,MLN_PER,A,1971,4.557448,
SVK,POP,TOT,MLN_PER,A,1972,4.596621,
SVK,POP,TOT,MLN_PER,A,1973,4.641444,
SVK,POP,TOT,MLN_PER,A,1974,4.689623,
SVK,POP,TOT,MLN_PER,A,1975,4.739105,
SVK,POP,TOT,MLN_PER,A,1976,4.789506,
SVK,POP,TOT,MLN_PER,A,1977,4.8405,
SVK,POP,TOT,MLN_PER,A,1978,4.890124,
SVK,POP,TOT,MLN_PER,A,1979,4.938972,
SVK,POP,TOT,MLN_PER,A,1980,4.979815,
SVK,POP,TOT,MLN_PER,A,1981,5.016105,
SVK,POP,TOT,MLN_PER,A,1982,5.055098,
SVK,POP,TOT,MLN_PER,A,1983,5.091971,
SVK,POP,TOT,MLN_PER,A,1984,5.127097,
SVK,POP,TOT,MLN_PER,A,1985,5.161767,
SVK,POP,TOT,MLN_PER,A,1986,5.193837,
SVK,POP,TOT,MLN_PER,A,1987,5.22284,
SVK,POP,TOT,MLN_PER,A,1988,5.250596,
SVK,POP,TOT,MLN_PER,A,1989,5.275941,
SVK,POP,TOT,MLN_PER,A,1990,5.299187,
SVK,POP,TOT,MLN_PER,A,1991,5.303294,
SVK,POP,TOT,MLN_PER,A,1992,5.305016,
SVK,POP,TOT,MLN_PER,A,1993,5.325305,
SVK,POP,TOT,MLN_PER,A,1994,5.346331,
SVK,POP,TOT,MLN_PER,A,1995,5.361998,
SVK,POP,TOT,MLN_PER,A,1996,5.373361,
SVK,POP,TOT,MLN_PER,A,1997,5.383291,
SVK,POP,TOT,MLN_PER,A,1998,5.390516,
SVK,POP,TOT,MLN_PER,A,1999,5.396019,
SVK,POP,TOT,MLN_PER,A,2000,5.38872,
SVK,POP,TOT,MLN_PER,A,2001,5.378867,
SVK,POP,TOT,MLN_PER,A,2002,5.376912,
SVK,POP,TOT,MLN_PER,A,2003,5.373374,
SVK,POP,TOT,MLN_PER,A,2004,5.37228,
SVK,POP,TOT,MLN_PER,A,2005,5.372806,
SVK,POP,TOT,MLN_PER,A,2006,5.373054,
SVK,POP,TOT,MLN_PER,A,2007,5.374622,
SVK,POP,TOT,MLN_PER,A,2008,5.379232,
SVK,POP,TOT,MLN_PER,A,2009,5.386405,
SVK,POP,TOT,MLN_PER,A,2010,5.391428,
SVK,POP,TOT,MLN_PER,A,2011,5.398384,
SVK,POP,TOT,MLN_PER,A,2012,5.407579,
SVK,POP,TOT,MLN_PER,A,2013,5.415949,
ESP,POP,TOT,MLN_PER,A,1955,29.056,
ESP,POP,TOT,MLN_PER,A,1956,29.296,
ESP,POP,TOT,MLN_PER,A,1957,29.536,
ESP,POP,TOT,MLN_PER,A,1958,29.776,
ESP,POP,TOT,MLN_PER,A,1959,30.016,
ESP,POP,TOT,MLN_PER,A,1960,30.256,
ESP,POP,TOT,MLN_PER,A,1961,30.76737,
ESP,POP,TOT,MLN_PER,A,1962,31.02337,
ESP,POP,TOT,MLN_PER,A,1963,31.29665,
ESP,POP,TOT,MLN_PER,A,1964,31.6092,
ESP,POP,TOT,MLN_PER,A,1965,31.95429,
ESP,POP,TOT,MLN_PER,A,1966,32.323,
ESP,POP,TOT,MLN_PER,A,1967,32.72228,
ESP,POP,TOT,MLN_PER,A,1968,33.11314,
ESP,POP,TOT,MLN_PER,A,1969,33.44105,
ESP,POP,TOT,MLN_PER,A,1970,33.75282,B
ESP,POP,TOT,MLN_PER,A,1971,34.21627,
ESP,POP,TOT,MLN_PER,A,1972,34.57171,
ESP,POP,TOT,MLN_PER,A,1973,34.9215,
ESP,POP,TOT,MLN_PER,A,1974,35.28756,
ESP,POP,TOT,MLN_PER,A,1975,35.68771,
ESP,POP,TOT,MLN_PER,A,1976,36.11804,
ESP,POP,TOT,MLN_PER,A,1977,36.56384,
ESP,POP,TOT,MLN_PER,A,1978,36.97147,
ESP,POP,TOT,MLN_PER,A,1979,37.28901,
ESP,POP,TOT,MLN_PER,A,1980,37.52691,
ESP,POP,TOT,MLN_PER,A,1981,37.76446,
ESP,POP,TOT,MLN_PER,A,1982,37.98711,
ESP,POP,TOT,MLN_PER,A,1983,38.16026,
ESP,POP,TOT,MLN_PER,A,1984,38.32524,
ESP,POP,TOT,MLN_PER,A,1985,38.46702,
ESP,POP,TOT,MLN_PER,A,1986,38.57194,
ESP,POP,TOT,MLN_PER,A,1987,38.68232,
ESP,POP,TOT,MLN_PER,A,1988,38.76431,
ESP,POP,TOT,MLN_PER,A,1989,38.82138,
ESP,POP,TOT,MLN_PER,A,1990,38.86083,
ESP,POP,TOT,MLN_PER,A,1991,38.94162,
ESP,POP,TOT,MLN_PER,A,1992,39.14794,
ESP,POP,TOT,MLN_PER,A,1993,39.35608,
ESP,POP,TOT,MLN_PER,A,1994,39.54735,
ESP,POP,TOT,MLN_PER,A,1995,39.71889,
ESP,POP,TOT,MLN_PER,A,1996,39.88425,
ESP,POP,TOT,MLN_PER,A,1997,40.04997,
ESP,POP,TOT,MLN_PER,A,1998,40.21407,
ESP,POP,TOT,MLN_PER,A,1999,40.36967,
ESP,POP,TOT,MLN_PER,A,2000,40.55439,
ESP,POP,TOT,MLN_PER,A,2001,40.76605,
ESP,POP,TOT,MLN_PER,A,2002,41.42352,
ESP,POP,TOT,MLN_PER,A,2003,42.19623,
ESP,POP,TOT,MLN_PER,A,2004,42.85917,
ESP,POP,TOT,MLN_PER,A,2005,43.66261,
ESP,POP,TOT,MLN_PER,A,2006,44.36052,
ESP,POP,TOT,MLN_PER,A,2007,45.236,
ESP,POP,TOT,MLN_PER,A,2008,45.98317,
ESP,POP,TOT,MLN_PER,A,2009,46.36755,
ESP,POP,TOT,MLN_PER,A,2010,46.56248,
ESP,POP,TOT,MLN_PER,A,2011,46.73626,
ESP,POP,TOT,MLN_PER,A,2012,46.7664,
ESP,POP,TOT,MLN_PER,A,2013,46.59323,
ESP,POP,TOT,MLN_PER,A,2014,46.46405,
SWE,POP,TOT,MLN_PER,A,1950,7.016496,
SWE,POP,TOT,MLN_PER,A,1951,7.072824,
SWE,POP,TOT,MLN_PER,A,1952,7.124675,
SWE,POP,TOT,MLN_PER,A,1953,7.171458,
SWE,POP,TOT,MLN_PER,A,1954,7.213487,
SWE,POP,TOT,MLN_PER,A,1955,7.262384,
SWE,POP,TOT,MLN_PER,A,1956,7.315622,
SWE,POP,TOT,MLN_PER,A,1957,7.366998,
SWE,POP,TOT,MLN_PER,A,1958,7.414468,
SWE,POP,TOT,MLN_PER,A,1959,7.453705,
SWE,POP,TOT,MLN_PER,A,1960,7.484656,
SWE,POP,TOT,MLN_PER,A,1961,7.519997,
SWE,POP,TOT,MLN_PER,A,1962,7.561588,
SWE,POP,TOT,MLN_PER,A,1963,7.604327,
SWE,POP,TOT,MLN_PER,A,1964,7.661353,
SWE,POP,TOT,MLN_PER,A,1965,7.733853,
SWE,POP,TOT,MLN_PER,A,1966,7.807797,
SWE,POP,TOT,MLN_PER,A,1967,7.867931,
SWE,POP,TOT,MLN_PER,A,1968,7.912273,
SWE,POP,TOT,MLN_PER,A,1969,7.968071,
SWE,POP,TOT,MLN_PER,A,1970,8.0428,
SWE,POP,TOT,MLN_PER,A,1971,8.098334,
SWE,POP,TOT,MLN_PER,A,1972,8.122299,
SWE,POP,TOT,MLN_PER,A,1973,8.136312,
SWE,POP,TOT,MLN_PER,A,1974,8.159955,
SWE,POP,TOT,MLN_PER,A,1975,8.192437,
SWE,POP,TOT,MLN_PER,A,1976,8.222285,
SWE,POP,TOT,MLN_PER,A,1977,8.25154,
SWE,POP,TOT,MLN_PER,A,1978,8.275598,
SWE,POP,TOT,MLN_PER,A,1979,8.293677,
SWE,POP,TOT,MLN_PER,A,1980,8.31053,
SWE,POP,TOT,MLN_PER,A,1981,8.320502,
SWE,POP,TOT,MLN_PER,A,1982,8.325263,
SWE,POP,TOT,MLN_PER,A,1983,8.329032,
SWE,POP,TOT,MLN_PER,A,1984,8.336605,
SWE,POP,TOT,MLN_PER,A,1985,8.350386,
SWE,POP,TOT,MLN_PER,A,1986,8.369829,
SWE,POP,TOT,MLN_PER,A,1987,8.397804,
SWE,POP,TOT,MLN_PER,A,1988,8.436488,
SWE,POP,TOT,MLN_PER,A,1989,8.492963,
SWE,POP,TOT,MLN_PER,A,1990,8.558834,
SWE,POP,TOT,MLN_PER,A,1991,8.617375,
SWE,POP,TOT,MLN_PER,A,1992,8.668066,
SWE,POP,TOT,MLN_PER,A,1993,8.718561,
SWE,POP,TOT,MLN_PER,A,1994,8.780745,
SWE,POP,TOT,MLN_PER,A,1995,8.826938,
SWE,POP,TOT,MLN_PER,A,1996,8.840997,
SWE,POP,TOT,MLN_PER,A,1997,8.846062,
SWE,POP,TOT,MLN_PER,A,1998,8.850973,
SWE,POP,TOT,MLN_PER,A,1999,8.857874,
SWE,POP,TOT,MLN_PER,A,2000,8.872109,
SWE,POP,TOT,MLN_PER,A,2001,8.89596,
SWE,POP,TOT,MLN_PER,A,2002,8.924958,
SWE,POP,TOT,MLN_PER,A,2003,8.958229,
SWE,POP,TOT,MLN_PER,A,2004,8.993531,
SWE,POP,TOT,MLN_PER,A,2005,9.029572,
SWE,POP,TOT,MLN_PER,A,2006,9.080504,
SWE,POP,TOT,MLN_PER,A,2007,9.148092,
SWE,POP,TOT,MLN_PER,A,2008,9.219637,
SWE,POP,TOT,MLN_PER,A,2009,9.298514,
SWE,POP,TOT,MLN_PER,A,2010,9.378126,
SWE,POP,TOT,MLN_PER,A,2011,9.449212,
SWE,POP,TOT,MLN_PER,A,2012,9.519374,
SWE,POP,TOT,MLN_PER,A,2013,9.609,B
CHE,POP,TOT,MLN_PER,A,1955,5.002,
CHE,POP,TOT,MLN_PER,A,1956,5.06555,
CHE,POP,TOT,MLN_PER,A,1957,5.1301,
CHE,POP,TOT,MLN_PER,A,1958,5.1964,
CHE,POP,TOT,MLN_PER,A,1959,5.26275,
CHE,POP,TOT,MLN_PER,A,1960,5.327827,
CHE,POP,TOT,MLN_PER,A,1961,5.434294,
CHE,POP,TOT,MLN_PER,A,1962,5.573815,
CHE,POP,TOT,MLN_PER,A,1963,5.694247,
CHE,POP,TOT,MLN_PER,A,1964,5.789228,
CHE,POP,TOT,MLN_PER,A,1965,5.856472,
CHE,POP,TOT,MLN_PER,A,1966,5.918002,
CHE,POP,TOT,MLN_PER,A,1967,5.991785,
CHE,POP,TOT,MLN_PER,A,1968,6.067713,
CHE,POP,TOT,MLN_PER,A,1969,6.136387,
CHE,POP,TOT,MLN_PER,A,1970,6.180882,
CHE,POP,TOT,MLN_PER,A,1971,6.213405,
CHE,POP,TOT,MLN_PER,A,1972,6.260956,
CHE,POP,TOT,MLN_PER,A,1973,6.307348,
CHE,POP,TOT,MLN_PER,A,1974,6.341406,
CHE,POP,TOT,MLN_PER,A,1975,6.338632,
CHE,POP,TOT,MLN_PER,A,1976,6.302505,
CHE,POP,TOT,MLN_PER,A,1977,6.281175,
CHE,POP,TOT,MLN_PER,A,1978,6.281737,
CHE,POP,TOT,MLN_PER,A,1979,6.294364,
CHE,POP,TOT,MLN_PER,A,1980,6.319409,
CHE,POP,TOT,MLN_PER,A,1981,6.354073,
CHE,POP,TOT,MLN_PER,A,1982,6.391309,
CHE,POP,TOT,MLN_PER,A,1983,6.418774,
CHE,POP,TOT,MLN_PER,A,1984,6.441865,
CHE,POP,TOT,MLN_PER,A,1985,6.470366,
CHE,POP,TOT,MLN_PER,A,1986,6.504125,
CHE,POP,TOT,MLN_PER,A,1987,6.545107,
CHE,POP,TOT,MLN_PER,A,1988,6.593387,
CHE,POP,TOT,MLN_PER,A,1989,6.646912,
CHE,POP,TOT,MLN_PER,A,1990,6.712273,
CHE,POP,TOT,MLN_PER,A,1991,6.799979,
CHE,POP,TOT,MLN_PER,A,1992,6.875364,
CHE,POP,TOT,MLN_PER,A,1993,6.938265,
CHE,POP,TOT,MLN_PER,A,1994,6.993795,
CHE,POP,TOT,MLN_PER,A,1995,7.040687,
CHE,POP,TOT,MLN_PER,A,1996,7.071851,
CHE,POP,TOT,MLN_PER,A,1997,7.088906,
CHE,POP,TOT,MLN_PER,A,1998,7.110002,
CHE,POP,TOT,MLN_PER,A,1999,7.143991,
CHE,POP,TOT,MLN_PER,A,2000,7.18425,
CHE,POP,TOT,MLN_PER,A,2001,7.226647,
CHE,POP,TOT,MLN_PER,A,2002,7.284754,
CHE,POP,TOT,MLN_PER,A,2003,7.339,
CHE,POP,TOT,MLN_PER,A,2004,7.389625,
CHE,POP,TOT,MLN_PER,A,2005,7.437115,
CHE,POP,TOT,MLN_PER,A,2006,7.483934,
CHE,POP,TOT,MLN_PER,A,2007,7.551117,
CHE,POP,TOT,MLN_PER,A,2008,7.647675,
CHE,POP,TOT,MLN_PER,A,2009,7.743831,
CHE,POP,TOT,MLN_PER,A,2010,7.82797,
CHE,POP,TOT,MLN_PER,A,2011,7.912398,
CHE,POP,TOT,MLN_PER,A,2012,7.996861,
CHE,POP,TOT,MLN_PER,A,2013,8.14,
TUR,POP,TOT,MLN_PER,A,1955,23.857,
TUR,POP,TOT,MLN_PER,A,1956,24.54,
TUR,POP,TOT,MLN_PER,A,1957,25.25,
TUR,POP,TOT,MLN_PER,A,1958,25.981,
TUR,POP,TOT,MLN_PER,A,1959,26.733,
TUR,POP,TOT,MLN_PER,A,1960,27.506,
TUR,POP,TOT,MLN_PER,A,1961,28.227,
TUR,POP,TOT,MLN_PER,A,1962,28.931,
TUR,POP,TOT,MLN_PER,A,1963,29.652,
TUR,POP,TOT,MLN_PER,A,1964,30.391,
TUR,POP,TOT,MLN_PER,A,1965,31.149,
TUR,POP,TOT,MLN_PER,A,1966,31.936,
TUR,POP,TOT,MLN_PER,A,1967,32.75,
TUR,POP,TOT,MLN_PER,A,1968,33.586,
TUR,POP,TOT,MLN_PER,A,1969,34.443,
TUR,POP,TOT,MLN_PER,A,1970,35.321,
TUR,POP,TOT,MLN_PER,A,1971,36.215,
TUR,POP,TOT,MLN_PER,A,1972,37.133,
TUR,POP,TOT,MLN_PER,A,1973,38.073,
TUR,POP,TOT,MLN_PER,A,1974,39.037,
TUR,POP,TOT,MLN_PER,A,1975,40.026,
TUR,POP,TOT,MLN_PER,A,1976,40.916,
TUR,POP,TOT,MLN_PER,A,1977,41.769,
TUR,POP,TOT,MLN_PER,A,1978,42.641,
TUR,POP,TOT,MLN_PER,A,1979,43.531,
TUR,POP,TOT,MLN_PER,A,1980,44.439,
TUR,POP,TOT,MLN_PER,A,1981,45.54,
TUR,POP,TOT,MLN_PER,A,1982,46.688,
TUR,POP,TOT,MLN_PER,A,1983,47.864,
TUR,POP,TOT,MLN_PER,A,1984,49.07,
TUR,POP,TOT,MLN_PER,A,1985,50.307,
TUR,POP,TOT,MLN_PER,A,1986,51.48,
TUR,POP,TOT,MLN_PER,A,1987,52.37,
TUR,POP,TOT,MLN_PER,A,1988,53.268,
TUR,POP,TOT,MLN_PER,A,1989,54.192,
TUR,POP,TOT,MLN_PER,A,1990,55.12,
TUR,POP,TOT,MLN_PER,A,1991,56.055,
TUR,POP,TOT,MLN_PER,A,1992,56.986,
TUR,POP,TOT,MLN_PER,A,1993,57.913,
TUR,POP,TOT,MLN_PER,A,1994,58.837,
TUR,POP,TOT,MLN_PER,A,1995,59.756,
TUR,POP,TOT,MLN_PER,A,1996,60.671,
TUR,POP,TOT,MLN_PER,A,1997,61.582,
TUR,POP,TOT,MLN_PER,A,1998,62.464,
TUR,POP,TOT,MLN_PER,A,1999,63.364,
TUR,POP,TOT,MLN_PER,A,2000,64.26875,
TUR,POP,TOT,MLN_PER,A,2001,65.16633,
TUR,POP,TOT,MLN_PER,A,2002,66.00251,
TUR,POP,TOT,MLN_PER,A,2003,66.79455,
TUR,POP,TOT,MLN_PER,A,2004,67.59873,
TUR,POP,TOT,MLN_PER,A,2005,68.43538,
TUR,POP,TOT,MLN_PER,A,2006,69.29525,
TUR,POP,TOT,MLN_PER,A,2007,70.15811,
TUR,POP,TOT,MLN_PER,A,2008,71.05168,
TUR,POP,TOT,MLN_PER,A,2009,72.0392,
TUR,POP,TOT,MLN_PER,A,2010,73.14215,
TUR,POP,TOT,MLN_PER,A,2011,74.22363,
TUR,POP,TOT,MLN_PER,A,2012,75.17583,
TUR,POP,TOT,MLN_PER,A,2013,76.05462,
TUR,POP,TOT,MLN_PER,A,2014,76.90287,
GBR,POP,TOT,MLN_PER,A,1950,50.373,
GBR,POP,TOT,MLN_PER,A,1951,50.282,
GBR,POP,TOT,MLN_PER,A,1952,50.444,
GBR,POP,TOT,MLN_PER,A,1953,50.593,
GBR,POP,TOT,MLN_PER,A,1954,50.765,
GBR,POP,TOT,MLN_PER,A,1955,50.946,
GBR,POP,TOT,MLN_PER,A,1956,51.184,
GBR,POP,TOT,MLN_PER,A,1957,51.43,
GBR,POP,TOT,MLN_PER,A,1958,51.653,
GBR,POP,TOT,MLN_PER,A,1959,51.956,
GBR,POP,TOT,MLN_PER,A,1960,52.373,
GBR,POP,TOT,MLN_PER,A,1961,52.807,
GBR,POP,TOT,MLN_PER,A,1962,53.292,
GBR,POP,TOT,MLN_PER,A,1963,53.625,
GBR,POP,TOT,MLN_PER,A,1964,53.991,
GBR,POP,TOT,MLN_PER,A,1965,54.35,
GBR,POP,TOT,MLN_PER,A,1966,54.643,
GBR,POP,TOT,MLN_PER,A,1967,54.959,
GBR,POP,TOT,MLN_PER,A,1968,55.214,
GBR,POP,TOT,MLN_PER,A,1969,55.461,
GBR,POP,TOT,MLN_PER,A,1970,55.632,
GBR,POP,TOT,MLN_PER,A,1971,55.928,
GBR,POP,TOT,MLN_PER,A,1972,56.097,
GBR,POP,TOT,MLN_PER,A,1973,56.223,
GBR,POP,TOT,MLN_PER,A,1974,56.236,
GBR,POP,TOT,MLN_PER,A,1975,56.226,
GBR,POP,TOT,MLN_PER,A,1976,56.216,
GBR,POP,TOT,MLN_PER,A,1977,56.19,
GBR,POP,TOT,MLN_PER,A,1978,56.178,
GBR,POP,TOT,MLN_PER,A,1979,56.24,
GBR,POP,TOT,MLN_PER,A,1980,56.33,
GBR,POP,TOT,MLN_PER,A,1981,56.357,
GBR,POP,TOT,MLN_PER,A,1982,56.291,
GBR,POP,TOT,MLN_PER,A,1983,56.316,
GBR,POP,TOT,MLN_PER,A,1984,56.409,
GBR,POP,TOT,MLN_PER,A,1985,56.554,
GBR,POP,TOT,MLN_PER,A,1986,56.684,
GBR,POP,TOT,MLN_PER,A,1987,56.804,
GBR,POP,TOT,MLN_PER,A,1988,56.916,
GBR,POP,TOT,MLN_PER,A,1989,57.076,
GBR,POP,TOT,MLN_PER,A,1990,57.237,
GBR,POP,TOT,MLN_PER,A,1991,57.439,
GBR,POP,TOT,MLN_PER,A,1992,57.585,
GBR,POP,TOT,MLN_PER,A,1993,57.714,
GBR,POP,TOT,MLN_PER,A,1994,57.862,
GBR,POP,TOT,MLN_PER,A,1995,58.025,
GBR,POP,TOT,MLN_PER,A,1996,58.164,
GBR,POP,TOT,MLN_PER,A,1997,58.314,
GBR,POP,TOT,MLN_PER,A,1998,58.475,
GBR,POP,TOT,MLN_PER,A,1999,58.684,
GBR,POP,TOT,MLN_PER,A,2000,58.886,
GBR,POP,TOT,MLN_PER,A,2001,59.113,B
GBR,POP,TOT,MLN_PER,A,2002,58.56963,
GBR,POP,TOT,MLN_PER,A,2003,58.83895,
GBR,POP,TOT,MLN_PER,A,2004,59.14912,
GBR,POP,TOT,MLN_PER,A,2005,59.59104,
GBR,POP,TOT,MLN_PER,A,2006,60.00257,
GBR,POP,TOT,MLN_PER,A,2007,60.48182,
GBR,POP,TOT,MLN_PER,A,2008,60.98238,
GBR,POP,TOT,MLN_PER,A,2009,61.42372,
GBR,POP,TOT,MLN_PER,A,2010,61.91464,
GBR,POP,TOT,MLN_PER,A,2011,62.4352,
GBR,POP,TOT,MLN_PER,A,2012,62.8588,
GBR,POP,TOT,MLN_PER,A,2013,63.23794,
GBR,POP,TOT,MLN_PER,A,2014,63.65001,B
USA,POP,TOT,MLN_PER,A,1950,152.2714,
USA,POP,TOT,MLN_PER,A,1951,154.8779,
USA,POP,TOT,MLN_PER,A,1952,157.5527,
USA,POP,TOT,MLN_PER,A,1953,160.1842,
USA,POP,TOT,MLN_PER,A,1954,163.0259,
USA,POP,TOT,MLN_PER,A,1955,165.9312,
USA,POP,TOT,MLN_PER,A,1956,168.903,
USA,POP,TOT,MLN_PER,A,1957,171.9841,
USA,POP,TOT,MLN_PER,A,1958,174.8819,
USA,POP,TOT,MLN_PER,A,1959,177.8296,
USA,POP,TOT,MLN_PER,A,1960,180.6712,
USA,POP,TOT,MLN_PER,A,1961,183.6915,
USA,POP,TOT,MLN_PER,A,1962,186.5377,
USA,POP,TOT,MLN_PER,A,1963,189.2418,
USA,POP,TOT,MLN_PER,A,1964,191.8888,
USA,POP,TOT,MLN_PER,A,1965,194.303,
USA,POP,TOT,MLN_PER,A,1966,196.5603,
USA,POP,TOT,MLN_PER,A,1967,198.7121,
USA,POP,TOT,MLN_PER,A,1968,200.706,
USA,POP,TOT,MLN_PER,A,1969,202.677,
USA,POP,TOT,MLN_PER,A,1970,205.0522,
USA,POP,TOT,MLN_PER,A,1971,207.6607,
USA,POP,TOT,MLN_PER,A,1972,209.896,
USA,POP,TOT,MLN_PER,A,1973,211.9088,
USA,POP,TOT,MLN_PER,A,1974,213.8539,
USA,POP,TOT,MLN_PER,A,1975,215.9732,
USA,POP,TOT,MLN_PER,A,1976,218.0352,
USA,POP,TOT,MLN_PER,A,1977,220.2394,
USA,POP,TOT,MLN_PER,A,1978,222.5845,
USA,POP,TOT,MLN_PER,A,1979,225.0555,
USA,POP,TOT,MLN_PER,A,1980,227.2247,
USA,POP,TOT,MLN_PER,A,1981,229.4657,
USA,POP,TOT,MLN_PER,A,1982,231.6645,
USA,POP,TOT,MLN_PER,A,1983,233.792,
USA,POP,TOT,MLN_PER,A,1984,235.8249,
USA,POP,TOT,MLN_PER,A,1985,237.9238,
USA,POP,TOT,MLN_PER,A,1986,240.1329,
USA,POP,TOT,MLN_PER,A,1987,242.2889,
USA,POP,TOT,MLN_PER,A,1988,244.499,
USA,POP,TOT,MLN_PER,A,1989,246.8192,
USA,POP,TOT,MLN_PER,A,1990,249.6228,
USA,POP,TOT,MLN_PER,A,1991,252.9809,
USA,POP,TOT,MLN_PER,A,1992,256.5142,
USA,POP,TOT,MLN_PER,A,1993,259.9186,
USA,POP,TOT,MLN_PER,A,1994,263.1258,
USA,POP,TOT,MLN_PER,A,1995,266.2784,
USA,POP,TOT,MLN_PER,A,1996,269.3943,
USA,POP,TOT,MLN_PER,A,1997,272.6469,
USA,POP,TOT,MLN_PER,A,1998,275.8541,
USA,POP,TOT,MLN_PER,A,1999,279.0402,
USA,POP,TOT,MLN_PER,A,2000,282.1624,
USA,POP,TOT,MLN_PER,A,2001,284.969,
USA,POP,TOT,MLN_PER,A,2002,287.6252,
USA,POP,TOT,MLN_PER,A,2003,290.1079,
USA,POP,TOT,MLN_PER,A,2004,292.8053,
USA,POP,TOT,MLN_PER,A,2005,295.5166,
USA,POP,TOT,MLN_PER,A,2006,298.3799,
USA,POP,TOT,MLN_PER,A,2007,301.2312,
USA,POP,TOT,MLN_PER,A,2008,304.094,
USA,POP,TOT,MLN_PER,A,2009,306.7715,
USA,POP,TOT,MLN_PER,A,2010,309.3471,
USA,POP,TOT,MLN_PER,A,2011,311.7216,
USA,POP,TOT,MLN_PER,A,2012,314.1121,
USA,POP,TOT,MLN_PER,A,2013,316.498,
USA,POP,TOT,MLN_PER,A,2014,318.857,B
BRA,POP,TOT,MLN_PER,A,1955,60.045,
BRA,POP,TOT,MLN_PER,A,1956,61.861,
BRA,POP,TOT,MLN_PER,A,1957,63.739,
BRA,POP,TOT,MLN_PER,A,1958,65.675,
BRA,POP,TOT,MLN_PER,A,1959,67.669,
BRA,POP,TOT,MLN_PER,A,1960,69.717,
BRA,POP,TOT,MLN_PER,A,1961,71.818,
BRA,POP,TOT,MLN_PER,A,1962,73.969,
BRA,POP,TOT,MLN_PER,A,1963,76.169,
BRA,POP,TOT,MLN_PER,A,1964,78.414,
BRA,POP,TOT,MLN_PER,A,1965,80.703,
BRA,POP,TOT,MLN_PER,A,1966,83.033,
BRA,POP,TOT,MLN_PER,A,1967,85.402,
BRA,POP,TOT,MLN_PER,A,1968,87.807,
BRA,POP,TOT,MLN_PER,A,1969,90.246,
BRA,POP,TOT,MLN_PER,A,1970,92.716,
BRA,POP,TOT,MLN_PER,A,1971,95.215,
BRA,POP,TOT,MLN_PER,A,1972,97.741,
BRA,POP,TOT,MLN_PER,A,1973,100.291,
BRA,POP,TOT,MLN_PER,A,1974,102.861,
BRA,POP,TOT,MLN_PER,A,1975,105.45,
BRA,POP,TOT,MLN_PER,A,1976,108.054,
BRA,POP,TOT,MLN_PER,A,1977,110.671,
BRA,POP,TOT,MLN_PER,A,1978,113.297,
BRA,POP,TOT,MLN_PER,A,1979,115.929,
BRA,POP,TOT,MLN_PER,A,1980,118.5625,
BRA,POP,TOT,MLN_PER,A,1981,121.3813,
BRA,POP,TOT,MLN_PER,A,1982,124.2508,
BRA,POP,TOT,MLN_PER,A,1983,127.1404,
BRA,POP,TOT,MLN_PER,A,1984,130.0825,
BRA,POP,TOT,MLN_PER,A,1985,132.9993,
BRA,POP,TOT,MLN_PER,A,1986,135.8143,
BRA,POP,TOT,MLN_PER,A,1987,138.5859,
BRA,POP,TOT,MLN_PER,A,1988,141.313,
BRA,POP,TOT,MLN_PER,A,1989,143.9973,
BRA,POP,TOT,MLN_PER,A,1990,146.5926,
BRA,POP,TOT,MLN_PER,A,1991,149.0943,
BRA,POP,TOT,MLN_PER,A,1992,151.5468,
BRA,POP,TOT,MLN_PER,A,1993,153.9856,
BRA,POP,TOT,MLN_PER,A,1994,156.431,
BRA,POP,TOT,MLN_PER,A,1995,158.875,
BRA,POP,TOT,MLN_PER,A,1996,161.3232,
BRA,POP,TOT,MLN_PER,A,1997,163.7798,
BRA,POP,TOT,MLN_PER,A,1998,166.2521,
BRA,POP,TOT,MLN_PER,A,1999,168.7535,
BRA,POP,TOT,MLN_PER,A,2000,171.2799,
BRA,POP,TOT,MLN_PER,A,2001,172.7424,
BRA,POP,TOT,MLN_PER,A,2002,175.0766,
BRA,POP,TOT,MLN_PER,A,2003,177.3603,B
BRA,POP,TOT,MLN_PER,A,2004,183.4393,
BRA,POP,TOT,MLN_PER,A,2005,185.6514,
BRA,POP,TOT,MLN_PER,A,2006,187.8518,
BRA,POP,TOT,MLN_PER,A,2007,189.9539,
BRA,POP,TOT,MLN_PER,A,2008,191.9998,
BRA,POP,TOT,MLN_PER,A,2009,193.9951,
BRA,POP,TOT,MLN_PER,A,2010,193.2526,
BRA,POP,TOT,MLN_PER,A,2011,197.8253,
BRA,POP,TOT,MLN_PER,A,2012,199.6889,
BRA,POP,TOT,MLN_PER,A,2013,201.4671,
CHL,POP,TOT,MLN_PER,A,1955,6.76394,
CHL,POP,TOT,MLN_PER,A,1956,6.939809,
CHL,POP,TOT,MLN_PER,A,1957,7.115675,
CHL,POP,TOT,MLN_PER,A,1958,7.291542,
CHL,POP,TOT,MLN_PER,A,1959,7.467409,
CHL,POP,TOT,MLN_PER,A,1960,7.643277,
CHL,POP,TOT,MLN_PER,A,1961,7.843945,
CHL,POP,TOT,MLN_PER,A,1962,8.044614,
CHL,POP,TOT,MLN_PER,A,1963,8.245284,
CHL,POP,TOT,MLN_PER,A,1964,8.445953,
CHL,POP,TOT,MLN_PER,A,1965,8.646622,
CHL,POP,TOT,MLN_PER,A,1966,8.831223,
CHL,POP,TOT,MLN_PER,A,1967,9.015825,
CHL,POP,TOT,MLN_PER,A,1968,9.200427,
CHL,POP,TOT,MLN_PER,A,1969,9.385028,
CHL,POP,TOT,MLN_PER,A,1970,9.569631,
CHL,POP,TOT,MLN_PER,A,1971,9.738347,
CHL,POP,TOT,MLN_PER,A,1972,9.907065,
CHL,POP,TOT,MLN_PER,A,1973,10.07578,
CHL,POP,TOT,MLN_PER,A,1974,10.2445,
CHL,POP,TOT,MLN_PER,A,1975,10.41322,
CHL,POP,TOT,MLN_PER,A,1976,10.56541,
CHL,POP,TOT,MLN_PER,A,1977,10.7176,
CHL,POP,TOT,MLN_PER,A,1978,10.86979,
CHL,POP,TOT,MLN_PER,A,1979,11.02198,
CHL,POP,TOT,MLN_PER,A,1980,11.17417,
CHL,POP,TOT,MLN_PER,A,1981,11.35977,
CHL,POP,TOT,MLN_PER,A,1982,11.54537,
CHL,POP,TOT,MLN_PER,A,1983,11.73097,
CHL,POP,TOT,MLN_PER,A,1984,11.91657,
CHL,POP,TOT,MLN_PER,A,1985,12.10217,
CHL,POP,TOT,MLN_PER,A,1986,12.31749,
CHL,POP,TOT,MLN_PER,A,1987,12.53282,
CHL,POP,TOT,MLN_PER,A,1988,12.74813,
CHL,POP,TOT,MLN_PER,A,1989,12.96346,
CHL,POP,TOT,MLN_PER,A,1990,13.17878,
CHL,POP,TOT,MLN_PER,A,1991,13.42201,
CHL,POP,TOT,MLN_PER,A,1992,13.66524,
CHL,POP,TOT,MLN_PER,A,1993,13.90847,
CHL,POP,TOT,MLN_PER,A,1994,14.15171,
CHL,POP,TOT,MLN_PER,A,1995,14.39494,
CHL,POP,TOT,MLN_PER,A,1996,14.5955,
CHL,POP,TOT,MLN_PER,A,1997,14.79608,
CHL,POP,TOT,MLN_PER,A,1998,14.99665,
CHL,POP,TOT,MLN_PER,A,1999,15.19721,
CHL,POP,TOT,MLN_PER,A,2000,15.39778,
CHL,POP,TOT,MLN_PER,A,2001,15.57168,
CHL,POP,TOT,MLN_PER,A,2002,15.66827,
CHL,POP,TOT,MLN_PER,A,2003,15.83784,
CHL,POP,TOT,MLN_PER,A,2004,16.00167,
CHL,POP,TOT,MLN_PER,A,2005,16.16532,
CHL,POP,TOT,MLN_PER,A,2006,16.33217,
CHL,POP,TOT,MLN_PER,A,2007,16.50487,
CHL,POP,TOT,MLN_PER,A,2008,16.68685,
CHL,POP,TOT,MLN_PER,A,2009,16.87677,
CHL,POP,TOT,MLN_PER,A,2010,17.06614,
CHL,POP,TOT,MLN_PER,A,2011,17.25553,
CHL,POP,TOT,MLN_PER,A,2012,17.4448,
CHL,POP,TOT,MLN_PER,A,2013,17.63158,
CHL,POP,TOT,MLN_PER,A,2014,17.81905,
COL,POP,TOT,MLN_PER,A,1985,30.80222,
COL,POP,TOT,MLN_PER,A,1986,31.44,
COL,POP,TOT,MLN_PER,A,1987,32.09697,
COL,POP,TOT,MLN_PER,A,1988,32.76711,
COL,POP,TOT,MLN_PER,A,1989,33.44691,
COL,POP,TOT,MLN_PER,A,1990,34.13002,
COL,POP,TOT,MLN_PER,A,1991,34.83057,
COL,POP,TOT,MLN_PER,A,1992,35.52094,
COL,POP,TOT,MLN_PER,A,1993,36.20711,
COL,POP,TOT,MLN_PER,A,1994,36.85391,
COL,POP,TOT,MLN_PER,A,1995,37.47218,
COL,POP,TOT,MLN_PER,A,1996,38.06805,
COL,POP,TOT,MLN_PER,A,1997,38.63569,
COL,POP,TOT,MLN_PER,A,1998,39.18446,
COL,POP,TOT,MLN_PER,A,1999,39.7308,
COL,POP,TOT,MLN_PER,A,2000,40.29556,
COL,POP,TOT,MLN_PER,A,2001,40.81354,
COL,POP,TOT,MLN_PER,A,2002,41.32882,
COL,POP,TOT,MLN_PER,A,2003,41.84896,
COL,POP,TOT,MLN_PER,A,2004,42.36849,
COL,POP,TOT,MLN_PER,A,2005,42.88859,
COL,POP,TOT,MLN_PER,A,2006,43.40596,
COL,POP,TOT,MLN_PER,A,2007,43.92693,
COL,POP,TOT,MLN_PER,A,2008,44.45115,
COL,POP,TOT,MLN_PER,A,2009,44.97883,
COL,POP,TOT,MLN_PER,A,2010,45.50959,
COL,POP,TOT,MLN_PER,A,2011,46.0446,
COL,POP,TOT,MLN_PER,A,2012,46.58182,
COL,POP,TOT,MLN_PER,A,2013,47.12109,
COL,POP,TOT,MLN_PER,A,2014,47.66179,
EST,POP,TOT,MLN_PER,A,1955,1.144215,
EST,POP,TOT,MLN_PER,A,1956,1.1579,
EST,POP,TOT,MLN_PER,A,1957,1.171863,
EST,POP,TOT,MLN_PER,A,1958,1.185073,
EST,POP,TOT,MLN_PER,A,1959,1.198895,
EST,POP,TOT,MLN_PER,A,1960,1.211537,
EST,POP,TOT,MLN_PER,A,1961,1.225076,
EST,POP,TOT,MLN_PER,A,1962,1.241622,
EST,POP,TOT,MLN_PER,A,1963,1.258857,
EST,POP,TOT,MLN_PER,A,1964,1.277086,
EST,POP,TOT,MLN_PER,A,1965,1.294566,
EST,POP,TOT,MLN_PER,A,1966,1.308596,
EST,POP,TOT,MLN_PER,A,1967,1.318946,
EST,POP,TOT,MLN_PER,A,1968,1.331213,
EST,POP,TOT,MLN_PER,A,1969,1.345249,
EST,POP,TOT,MLN_PER,A,1970,1.360076,
EST,POP,TOT,MLN_PER,A,1971,1.376955,
EST,POP,TOT,MLN_PER,A,1972,1.392518,
EST,POP,TOT,MLN_PER,A,1973,1.405951,
EST,POP,TOT,MLN_PER,A,1974,1.418169,
EST,POP,TOT,MLN_PER,A,1975,1.429351,
EST,POP,TOT,MLN_PER,A,1976,1.439576,
EST,POP,TOT,MLN_PER,A,1977,1.450211,
EST,POP,TOT,MLN_PER,A,1978,1.460188,
EST,POP,TOT,MLN_PER,A,1979,1.468333,
EST,POP,TOT,MLN_PER,A,1980,1.477218,
EST,POP,TOT,MLN_PER,A,1981,1.487666,
EST,POP,TOT,MLN_PER,A,1982,1.498414,
EST,POP,TOT,MLN_PER,A,1983,1.508745,
EST,POP,TOT,MLN_PER,A,1984,1.518616,
EST,POP,TOT,MLN_PER,A,1985,1.528781,
EST,POP,TOT,MLN_PER,A,1986,1.54019,
EST,POP,TOT,MLN_PER,A,1987,1.55222,
EST,POP,TOT,MLN_PER,A,1988,1.561899,
EST,POP,TOT,MLN_PER,A,1989,1.56813,
EST,POP,TOT,MLN_PER,A,1990,1.569174,
EST,POP,TOT,MLN_PER,A,1991,1.561313,
EST,POP,TOT,MLN_PER,A,1992,1.53309,
EST,POP,TOT,MLN_PER,A,1993,1.494127,
EST,POP,TOT,MLN_PER,A,1994,1.462513,
EST,POP,TOT,MLN_PER,A,1995,1.436633,
EST,POP,TOT,MLN_PER,A,1996,1.415594,
EST,POP,TOT,MLN_PER,A,1997,1.399535,
EST,POP,TOT,MLN_PER,A,1998,1.386155,
EST,POP,TOT,MLN_PER,A,1999,1.380619,
EST,POP,TOT,MLN_PER,A,2000,1.396985,
EST,POP,TOT,MLN_PER,A,2001,1.388115,
EST,POP,TOT,MLN_PER,A,2002,1.37935,
EST,POP,TOT,MLN_PER,A,2003,1.37072,
EST,POP,TOT,MLN_PER,A,2004,1.36255,
EST,POP,TOT,MLN_PER,A,2005,1.354775,
EST,POP,TOT,MLN_PER,A,2006,1.34681,
EST,POP,TOT,MLN_PER,A,2007,1.34068,
EST,POP,TOT,MLN_PER,A,2008,1.33709,
EST,POP,TOT,MLN_PER,A,2009,1.334515,
EST,POP,TOT,MLN_PER,A,2010,1.331475,
EST,POP,TOT,MLN_PER,A,2011,1.327439,
EST,POP,TOT,MLN_PER,A,2012,1.322696,
EST,POP,TOT,MLN_PER,A,2013,1.317997,
EST,POP,TOT,MLN_PER,A,2014,1.315819,
ISR,POP,TOT,MLN_PER,A,1955,1.7891,
ISR,POP,TOT,MLN_PER,A,1956,1.8724,
ISR,POP,TOT,MLN_PER,A,1957,1.976,
ISR,POP,TOT,MLN_PER,A,1958,2.0317,
ISR,POP,TOT,MLN_PER,A,1959,2.0887,
ISR,POP,TOT,MLN_PER,A,1960,2.1504,
ISR,POP,TOT,MLN_PER,A,1961,2.1795,
ISR,POP,TOT,MLN_PER,A,1962,2.3318,
ISR,POP,TOT,MLN_PER,A,1963,2.4301,
ISR,POP,TOT,MLN_PER,A,1964,2.5256,
ISR,POP,TOT,MLN_PER,A,1965,2.5984,
ISR,POP,TOT,MLN_PER,A,1966,2.6574,
ISR,POP,TOT,MLN_PER,A,1967,2.708,
ISR,POP,TOT,MLN_PER,A,1968,2.8411,
ISR,POP,TOT,MLN_PER,A,1969,2.9192,
ISR,POP,TOT,MLN_PER,A,1970,3.0014,
ISR,POP,TOT,MLN_PER,A,1971,3.0951,
ISR,POP,TOT,MLN_PER,A,1972,3.225,
ISR,POP,TOT,MLN_PER,A,1973,3.3382,
ISR,POP,TOT,MLN_PER,A,1974,3.4216,
ISR,POP,TOT,MLN_PER,A,1975,3.4932,
ISR,POP,TOT,MLN_PER,A,1976,3.5754,
ISR,POP,TOT,MLN_PER,A,1977,3.6532,
ISR,POP,TOT,MLN_PER,A,1978,3.7376,
ISR,POP,TOT,MLN_PER,A,1979,3.8363,
ISR,POP,TOT,MLN_PER,A,1980,3.9217,
ISR,POP,TOT,MLN_PER,A,1981,3.9498,
ISR,POP,TOT,MLN_PER,A,1982,4.0207,
ISR,POP,TOT,MLN_PER,A,1983,4.1061,
ISR,POP,TOT,MLN_PER,A,1984,4.1591,
ISR,POP,TOT,MLN_PER,A,1985,4.233,
ISR,POP,TOT,MLN_PER,A,1986,4.2988,
ISR,POP,TOT,MLN_PER,A,1987,4.3689,
ISR,POP,TOT,MLN_PER,A,1988,4.4417,
ISR,POP,TOT,MLN_PER,A,1989,4.5182,
ISR,POP,TOT,MLN_PER,A,1990,4.6602,
ISR,POP,TOT,MLN_PER,A,1991,4.9491,
ISR,POP,TOT,MLN_PER,A,1992,5.1235,
ISR,POP,TOT,MLN_PER,A,1993,5.2614,
ISR,POP,TOT,MLN_PER,A,1994,5.3993,
ISR,POP,TOT,MLN_PER,A,1995,5.5449,
ISR,POP,TOT,MLN_PER,A,1996,5.6851,
ISR,POP,TOT,MLN_PER,A,1997,5.8289,
ISR,POP,TOT,MLN_PER,A,1998,5.9707,
ISR,POP,TOT,MLN_PER,A,1999,6.1253,
ISR,POP,TOT,MLN_PER,A,2000,6.2892,
ISR,POP,TOT,MLN_PER,A,2001,6.439,
ISR,POP,TOT,MLN_PER,A,2002,6.57,
ISR,POP,TOT,MLN_PER,A,2003,6.6897,
ISR,POP,TOT,MLN_PER,A,2004,6.809,
ISR,POP,TOT,MLN_PER,A,2005,6.9301,
ISR,POP,TOT,MLN_PER,A,2006,7.0537,
ISR,POP,TOT,MLN_PER,A,2007,7.1801,
ISR,POP,TOT,MLN_PER,A,2008,7.3088,
ISR,POP,TOT,MLN_PER,A,2009,7.4856,
ISR,POP,TOT,MLN_PER,A,2010,7.6236,
ISR,POP,TOT,MLN_PER,A,2011,7.7658,
ISR,POP,TOT,MLN_PER,A,2012,7.9105,
ISR,POP,TOT,MLN_PER,A,2013,8.059,
RUS,POP,TOT,MLN_PER,A,1950,102.7025,
RUS,POP,TOT,MLN_PER,A,1951,104.2481,
RUS,POP,TOT,MLN_PER,A,1952,105.9503,
RUS,POP,TOT,MLN_PER,A,1953,107.7433,
RUS,POP,TOT,MLN_PER,A,1954,109.574,
RUS,POP,TOT,MLN_PER,A,1955,111.4015,
RUS,POP,TOT,MLN_PER,A,1956,113.1979,
RUS,POP,TOT,MLN_PER,A,1957,114.9476,
RUS,POP,TOT,MLN_PER,A,1958,116.6461,
RUS,POP,TOT,MLN_PER,A,1959,118.2973,
RUS,POP,TOT,MLN_PER,A,1960,119.9057,
RUS,POP,TOT,MLN_PER,A,1961,121.469,
RUS,POP,TOT,MLN_PER,A,1962,122.9705,
RUS,POP,TOT,MLN_PER,A,1963,124.3766,
RUS,POP,TOT,MLN_PER,A,1964,125.6448,
RUS,POP,TOT,MLN_PER,A,1965,126.7491,
RUS,POP,TOT,MLN_PER,A,1966,127.6746,
RUS,POP,TOT,MLN_PER,A,1967,128.4414,
RUS,POP,TOT,MLN_PER,A,1968,129.103,
RUS,POP,TOT,MLN_PER,A,1969,129.7342,
RUS,POP,TOT,MLN_PER,A,1970,130.3918,
RUS,POP,TOT,MLN_PER,A,1971,131.0955,
RUS,POP,TOT,MLN_PER,A,1972,131.838,
RUS,POP,TOT,MLN_PER,A,1973,132.6161,
RUS,POP,TOT,MLN_PER,A,1974,133.4172,
RUS,POP,TOT,MLN_PER,A,1975,134.2325,
RUS,POP,TOT,MLN_PER,A,1976,135.0639,
RUS,POP,TOT,MLN_PER,A,1977,135.9192,
RUS,POP,TOT,MLN_PER,A,1978,136.8013,
RUS,POP,TOT,MLN_PER,A,1979,137.7131,
RUS,POP,TOT,MLN_PER,A,1980,138.6554,
RUS,POP,TOT,MLN_PER,A,1981,139.6195,
RUS,POP,TOT,MLN_PER,A,1982,140.5983,
RUS,POP,TOT,MLN_PER,A,1983,141.5939,
RUS,POP,TOT,MLN_PER,A,1984,142.6098,B
RUS,POP,TOT,MLN_PER,A,1985,143.033,
RUS,POP,TOT,MLN_PER,A,1986,144.23,
RUS,POP,TOT,MLN_PER,A,1987,145.461,
RUS,POP,TOT,MLN_PER,A,1988,146.494,
RUS,POP,TOT,MLN_PER,A,1989,147.332,
RUS,POP,TOT,MLN_PER,A,1990,147.969,
RUS,POP,TOT,MLN_PER,A,1991,148.394,
RUS,POP,TOT,MLN_PER,A,1992,148.538,
RUS,POP,TOT,MLN_PER,A,1993,148.459,
RUS,POP,TOT,MLN_PER,A,1994,148.408,
RUS,POP,TOT,MLN_PER,A,1995,148.376,
RUS,POP,TOT,MLN_PER,A,1996,148.16,
RUS,POP,TOT,MLN_PER,A,1997,147.915,
RUS,POP,TOT,MLN_PER,A,1998,147.671,
RUS,POP,TOT,MLN_PER,A,1999,147.215,
RUS,POP,TOT,MLN_PER,A,2000,146.597,
RUS,POP,TOT,MLN_PER,A,2001,145.976,
RUS,POP,TOT,MLN_PER,A,2002,145.306,
RUS,POP,TOT,MLN_PER,A,2003,144.649,
RUS,POP,TOT,MLN_PER,A,2004,144.067,
RUS,POP,TOT,MLN_PER,A,2005,143.519,
RUS,POP,TOT,MLN_PER,A,2006,143.05,
RUS,POP,TOT,MLN_PER,A,2007,142.805,
RUS,POP,TOT,MLN_PER,A,2008,142.742,
RUS,POP,TOT,MLN_PER,A,2009,142.785,
RUS,POP,TOT,MLN_PER,A,2010,142.849,
RUS,POP,TOT,MLN_PER,A,2011,142.961,
RUS,POP,TOT,MLN_PER,A,2012,143.207,
RUS,POP,TOT,MLN_PER,A,2013,143.507,
SVN,POP,TOT,MLN_PER,A,1971,1.729941,
SVN,POP,TOT,MLN_PER,A,1972,1.741343,
SVN,POP,TOT,MLN_PER,A,1973,1.753296,
SVN,POP,TOT,MLN_PER,A,1974,1.76604,
SVN,POP,TOT,MLN_PER,A,1975,1.778454,
SVN,POP,TOT,MLN_PER,A,1976,1.786977,
SVN,POP,TOT,MLN_PER,A,1977,1.799384,
SVN,POP,TOT,MLN_PER,A,1978,1.810997,
SVN,POP,TOT,MLN_PER,A,1979,1.824001,
SVN,POP,TOT,MLN_PER,A,1980,1.884477,
SVN,POP,TOT,MLN_PER,A,1981,1.896133,
SVN,POP,TOT,MLN_PER,A,1982,1.910335,
SVN,POP,TOT,MLN_PER,A,1983,1.922322,
SVN,POP,TOT,MLN_PER,A,1984,1.932154,
SVN,POP,TOT,MLN_PER,A,1985,1.94164,
SVN,POP,TOT,MLN_PER,A,1986,1.980718,
SVN,POP,TOT,MLN_PER,A,1987,1.989462,
SVN,POP,TOT,MLN_PER,A,1988,1.999988,
SVN,POP,TOT,MLN_PER,A,1989,1.999404,
SVN,POP,TOT,MLN_PER,A,1990,1.99809,
SVN,POP,TOT,MLN_PER,A,1991,2.001768,
SVN,POP,TOT,MLN_PER,A,1992,1.995832,
SVN,POP,TOT,MLN_PER,A,1993,1.990623,
SVN,POP,TOT,MLN_PER,A,1994,1.98885,
SVN,POP,TOT,MLN_PER,A,1995,1.987505,
SVN,POP,TOT,MLN_PER,A,1996,1.991169,
SVN,POP,TOT,MLN_PER,A,1997,1.986848,
SVN,POP,TOT,MLN_PER,A,1998,1.982603,
SVN,POP,TOT,MLN_PER,A,1999,1.985557,
SVN,POP,TOT,MLN_PER,A,2000,1.990272,
SVN,POP,TOT,MLN_PER,A,2001,1.992035,
SVN,POP,TOT,MLN_PER,A,2002,1.995718,
SVN,POP,TOT,MLN_PER,A,2003,1.996773,
SVN,POP,TOT,MLN_PER,A,2004,1.997004,
SVN,POP,TOT,MLN_PER,A,2005,2.001114,
SVN,POP,TOT,MLN_PER,A,2006,2.008516,
SVN,POP,TOT,MLN_PER,A,2007,2.019406,
SVN,POP,TOT,MLN_PER,A,2008,2.022629,B
SVN,POP,TOT,MLN_PER,A,2009,2.042335,
SVN,POP,TOT,MLN_PER,A,2010,2.049261,
SVN,POP,TOT,MLN_PER,A,2011,2.052496,
SVN,POP,TOT,MLN_PER,A,2012,2.056262,
SVN,POP,TOT,MLN_PER,A,2013,2.059114,
SVN,POP,TOT,MLN_PER,A,2014,2.061623,
CHN,POP,TOT,MLN_PER,A,1950,543.8073,
CHN,POP,TOT,MLN_PER,A,1951,558.6592,
CHN,POP,TOT,MLN_PER,A,1952,570.8904,
CHN,POP,TOT,MLN_PER,A,1953,581.5203,
CHN,POP,TOT,MLN_PER,A,1954,591.3633,
CHN,POP,TOT,MLN_PER,A,1955,601.0256,
CHN,POP,TOT,MLN_PER,A,1956,610.4018,
CHN,POP,TOT,MLN_PER,A,1957,620.0928,
CHN,POP,TOT,MLN_PER,A,1958,630.1158,
CHN,POP,TOT,MLN_PER,A,1959,640.3575,
CHN,POP,TOT,MLN_PER,A,1960,650.7126,
CHN,POP,TOT,MLN_PER,A,1961,660.735,
CHN,POP,TOT,MLN_PER,A,1962,671.1549,
CHN,POP,TOT,MLN_PER,A,1963,682.6161,
CHN,POP,TOT,MLN_PER,A,1964,695.9187,
CHN,POP,TOT,MLN_PER,A,1965,711.5829,
CHN,POP,TOT,MLN_PER,A,1966,729.2626,
CHN,POP,TOT,MLN_PER,A,1967,749.1154,
CHN,POP,TOT,MLN_PER,A,1968,770.5073,
CHN,POP,TOT,MLN_PER,A,1969,792.5192,
CHN,POP,TOT,MLN_PER,A,1970,814.4229,
CHN,POP,TOT,MLN_PER,A,1971,835.6502,
CHN,POP,TOT,MLN_PER,A,1972,856.5981,
CHN,POP,TOT,MLN_PER,A,1973,876.8586,
CHN,POP,TOT,MLN_PER,A,1974,895.9727,
CHN,POP,TOT,MLN_PER,A,1975,913.6462,
CHN,POP,TOT,MLN_PER,A,1976,929.4601,
CHN,POP,TOT,MLN_PER,A,1977,943.7886,
CHN,POP,TOT,MLN_PER,A,1978,957.1787,
CHN,POP,TOT,MLN_PER,A,1979,970.4154,
CHN,POP,TOT,MLN_PER,A,1980,984.1217,
CHN,POP,TOT,MLN_PER,A,1981,998.0024,
CHN,POP,TOT,MLN_PER,A,1982,1012.373,
CHN,POP,TOT,MLN_PER,A,1983,1027.641,
CHN,POP,TOT,MLN_PER,A,1984,1044.253,
CHN,POP,TOT,MLN_PER,A,1985,1062.446,
CHN,POP,TOT,MLN_PER,A,1986,1082.005,
CHN,POP,TOT,MLN_PER,A,1987,1103.076,
CHN,POP,TOT,MLN_PER,A,1988,1124.793,
CHN,POP,TOT,MLN_PER,A,1989,1145.942,
CHN,POP,TOT,MLN_PER,A,1990,1165.429,
CHN,POP,TOT,MLN_PER,A,1991,1183.008,
CHN,POP,TOT,MLN_PER,A,1992,1198.875,
CHN,POP,TOT,MLN_PER,A,1993,1213.104,
CHN,POP,TOT,MLN_PER,A,1994,1225.922,
CHN,POP,TOT,MLN_PER,A,1995,1237.531,
CHN,POP,TOT,MLN_PER,A,1996,1247.897,
CHN,POP,TOT,MLN_PER,A,1997,1257.022,
CHN,POP,TOT,MLN_PER,A,1998,1265.223,
CHN,POP,TOT,MLN_PER,A,1999,1272.915,
CHN,POP,TOT,MLN_PER,A,2000,1280.429,
CHN,POP,TOT,MLN_PER,A,2001,1287.891,
CHN,POP,TOT,MLN_PER,A,2002,1295.322,
CHN,POP,TOT,MLN_PER,A,2003,1302.81,
CHN,POP,TOT,MLN_PER,A,2004,1310.414,
CHN,POP,TOT,MLN_PER,A,2005,1318.177,
CHN,POP,TOT,MLN_PER,A,2006,1326.146,
CHN,POP,TOT,MLN_PER,A,2007,1334.344,
CHN,POP,TOT,MLN_PER,A,2008,1342.733,
CHN,POP,TOT,MLN_PER,A,2009,1351.248,
CHN,POP,TOT,MLN_PER,A,2010,1359.822,
CHN,POP,TOT,MLN_PER,A,2011,1368.44,
CHN,POP,TOT,MLN_PER,A,2012,1377.065,
CHN,POP,TOT,MLN_PER,A,2013,1385.567,
IND,POP,TOT,MLN_PER,A,1950,376.3067,
IND,POP,TOT,MLN_PER,A,1951,382.124,
IND,POP,TOT,MLN_PER,A,1952,388.2809,
IND,POP,TOT,MLN_PER,A,1953,394.7923,
IND,POP,TOT,MLN_PER,A,1954,401.6701,
IND,POP,TOT,MLN_PER,A,1955,408.9269,
IND,POP,TOT,MLN_PER,A,1956,416.346,
IND,POP,TOT,MLN_PER,A,1957,424.1039,
IND,POP,TOT,MLN_PER,A,1958,432.214,
IND,POP,TOT,MLN_PER,A,1959,440.6871,
IND,POP,TOT,MLN_PER,A,1960,449.5214,
IND,POP,TOT,MLN_PER,A,1961,458.496,
IND,POP,TOT,MLN_PER,A,1962,467.8056,
IND,POP,TOT,MLN_PER,A,1963,477.457,
IND,POP,TOT,MLN_PER,A,1964,487.4641,
IND,POP,TOT,MLN_PER,A,1965,497.8542,
IND,POP,TOT,MLN_PER,A,1966,508.4673,
IND,POP,TOT,MLN_PER,A,1967,519.47,
IND,POP,TOT,MLN_PER,A,1968,530.8898,
IND,POP,TOT,MLN_PER,A,1969,542.7511,
IND,POP,TOT,MLN_PER,A,1970,555.0637,
IND,POP,TOT,MLN_PER,A,1971,567.6116,
IND,POP,TOT,MLN_PER,A,1972,580.5688,
IND,POP,TOT,MLN_PER,A,1973,593.9493,
IND,POP,TOT,MLN_PER,A,1974,607.7719,
IND,POP,TOT,MLN_PER,A,1975,622.0544,
IND,POP,TOT,MLN_PER,A,1976,636.6017,
IND,POP,TOT,MLN_PER,A,1977,651.5868,
IND,POP,TOT,MLN_PER,A,1978,666.9718,
IND,POP,TOT,MLN_PER,A,1979,682.699,
IND,POP,TOT,MLN_PER,A,1980,698.7208,
IND,POP,TOT,MLN_PER,A,1981,714.7706,
IND,POP,TOT,MLN_PER,A,1982,731.0479,
IND,POP,TOT,MLN_PER,A,1983,747.5671,
IND,POP,TOT,MLN_PER,A,1984,764.3536,
IND,POP,TOT,MLN_PER,A,1985,781.4219,
IND,POP,TOT,MLN_PER,A,1986,798.4903,
IND,POP,TOT,MLN_PER,A,1987,815.7924,
IND,POP,TOT,MLN_PER,A,1988,833.2754,
IND,POP,TOT,MLN_PER,A,1989,850.8645,
IND,POP,TOT,MLN_PER,A,1990,868.8907,
IND,POP,TOT,MLN_PER,A,1991,886.3487,
IND,POP,TOT,MLN_PER,A,1992,903.7496,
IND,POP,TOT,MLN_PER,A,1993,921.1076,
IND,POP,TOT,MLN_PER,A,1994,938.4526,
IND,POP,TOT,MLN_PER,A,1995,955.8044,
IND,POP,TOT,MLN_PER,A,1996,973.1476,
IND,POP,TOT,MLN_PER,A,1997,990.4601,
IND,POP,TOT,MLN_PER,A,1998,1007.747,
IND,POP,TOT,MLN_PER,A,1999,1025.015,
IND,POP,TOT,MLN_PER,A,2000,1042.262,
IND,POP,TOT,MLN_PER,A,2001,1059.501,
IND,POP,TOT,MLN_PER,A,2002,1076.706,
IND,POP,TOT,MLN_PER,A,2003,1093.787,
IND,POP,TOT,MLN_PER,A,2004,1110.626,
IND,POP,TOT,MLN_PER,A,2005,1127.144,
IND,POP,TOT,MLN_PER,A,2006,1143.289,
IND,POP,TOT,MLN_PER,A,2007,1159.095,
IND,POP,TOT,MLN_PER,A,2008,1174.662,
IND,POP,TOT,MLN_PER,A,2009,1190.138,
IND,POP,TOT,MLN_PER,A,2010,1205.625,
IND,POP,TOT,MLN_PER,A,2011,1221.156,
IND,POP,TOT,MLN_PER,A,2012,1236.687,
IND,POP,TOT,MLN_PER,A,2013,1252.14,
IDN,POP,TOT,MLN_PER,A,1950,72.59997,
IDN,POP,TOT,MLN_PER,A,1951,73.6359,
IDN,POP,TOT,MLN_PER,A,1952,74.80826,
IDN,POP,TOT,MLN_PER,A,1953,76.12149,
IDN,POP,TOT,MLN_PER,A,1954,77.57723,
IDN,POP,TOT,MLN_PER,A,1955,79.17377,
IDN,POP,TOT,MLN_PER,A,1956,80.85602,
IDN,POP,TOT,MLN_PER,A,1957,82.65947,
IDN,POP,TOT,MLN_PER,A,1958,84.57594,
IDN,POP,TOT,MLN_PER,A,1959,86.59516,
IDN,POP,TOT,MLN_PER,A,1960,88.70762,
IDN,POP,TOT,MLN_PER,A,1961,90.85668,
IDN,POP,TOT,MLN_PER,A,1962,93.08653,
IDN,POP,TOT,MLN_PER,A,1963,95.40449,
IDN,POP,TOT,MLN_PER,A,1964,97.82113,
IDN,POP,TOT,MLN_PER,A,1965,100.3432,
IDN,POP,TOT,MLN_PER,A,1966,102.9184,
IDN,POP,TOT,MLN_PER,A,1967,105.5884,
IDN,POP,TOT,MLN_PER,A,1968,108.3459,
IDN,POP,TOT,MLN_PER,A,1969,111.1794,
IDN,POP,TOT,MLN_PER,A,1970,114.0802,
IDN,POP,TOT,MLN_PER,A,1971,116.9891,
IDN,POP,TOT,MLN_PER,A,1972,119.9551,
IDN,POP,TOT,MLN_PER,A,1973,122.9808,
IDN,POP,TOT,MLN_PER,A,1974,126.0701,
IDN,POP,TOT,MLN_PER,A,1975,129.2241,
IDN,POP,TOT,MLN_PER,A,1976,132.3799,
IDN,POP,TOT,MLN_PER,A,1977,135.5849,
IDN,POP,TOT,MLN_PER,A,1978,138.8407,
IDN,POP,TOT,MLN_PER,A,1979,142.1493,
IDN,POP,TOT,MLN_PER,A,1980,145.5103,
IDN,POP,TOT,MLN_PER,A,1981,148.8656,
IDN,POP,TOT,MLN_PER,A,1982,152.2624,
IDN,POP,TOT,MLN_PER,A,1983,155.6807,
IDN,POP,TOT,MLN_PER,A,1984,159.0928,
IDN,POP,TOT,MLN_PER,A,1985,162.4787,
IDN,POP,TOT,MLN_PER,A,1986,165.7661,
IDN,POP,TOT,MLN_PER,A,1987,169.0188,
IDN,POP,TOT,MLN_PER,A,1988,172.2445,
IDN,POP,TOT,MLN_PER,A,1989,175.4543,
IDN,POP,TOT,MLN_PER,A,1990,178.6332,
IDN,POP,TOT,MLN_PER,A,1991,181.7863,
IDN,POP,TOT,MLN_PER,A,1992,184.9168,
IDN,POP,TOT,MLN_PER,A,1993,188.0193,
IDN,POP,TOT,MLN_PER,A,1994,191.0857,
IDN,POP,TOT,MLN_PER,A,1995,194.1126,
IDN,POP,TOT,MLN_PER,A,1996,197.0979,
IDN,POP,TOT,MLN_PER,A,1997,200.0504,
IDN,POP,TOT,MLN_PER,A,1998,202.9909,
IDN,POP,TOT,MLN_PER,A,1999,205.9468,
IDN,POP,TOT,MLN_PER,A,2000,208.9387,
IDN,POP,TOT,MLN_PER,A,2001,211.9704,
IDN,POP,TOT,MLN_PER,A,2002,215.0383,
IDN,POP,TOT,MLN_PER,A,2003,218.1456,
IDN,POP,TOT,MLN_PER,A,2004,221.2938,
IDN,POP,TOT,MLN_PER,A,2005,224.4809,
IDN,POP,TOT,MLN_PER,A,2006,227.7098,
IDN,POP,TOT,MLN_PER,A,2007,230.9728,
IDN,POP,TOT,MLN_PER,A,2008,234.2435,
IDN,POP,TOT,MLN_PER,A,2009,237.4869,
IDN,POP,TOT,MLN_PER,A,2010,240.6765,
IDN,POP,TOT,MLN_PER,A,2011,243.8016,
IDN,POP,TOT,MLN_PER,A,2012,246.8642,
IDN,POP,TOT,MLN_PER,A,2013,249.8656,
ZAF,POP,TOT,MLN_PER,A,1991,36.199,
ZAF,POP,TOT,MLN_PER,A,1992,36.992,
ZAF,POP,TOT,MLN_PER,A,1993,37.802,
ZAF,POP,TOT,MLN_PER,A,1994,38.631,
ZAF,POP,TOT,MLN_PER,A,1995,39.477,
ZAF,POP,TOT,MLN_PER,A,1996,40.342,
ZAF,POP,TOT,MLN_PER,A,1997,41.227,
ZAF,POP,TOT,MLN_PER,A,1998,42.131,
ZAF,POP,TOT,MLN_PER,A,1999,43.054,
ZAF,POP,TOT,MLN_PER,A,2000,43.69,
ZAF,POP,TOT,MLN_PER,A,2001,44.56,
ZAF,POP,TOT,MLN_PER,A,2002,45.545,
ZAF,POP,TOT,MLN_PER,A,2003,46.127,
ZAF,POP,TOT,MLN_PER,A,2004,46.727,
ZAF,POP,TOT,MLN_PER,A,2005,47.35,
ZAF,POP,TOT,MLN_PER,A,2006,47.991,
ZAF,POP,TOT,MLN_PER,A,2007,48.658,
ZAF,POP,TOT,MLN_PER,A,2008,49.345,
ZAF,POP,TOT,MLN_PER,A,2009,50.055,
ZAF,POP,TOT,MLN_PER,A,2010,50.792,
ZAF,POP,TOT,MLN_PER,A,2011,51.554,
ZAF,POP,TOT,MLN_PER,A,2012,52.341,
ZAF,POP,TOT,MLN_PER,A,2013,53.158,
ZAF,POP,TOT,MLN_PER,A,2014,54.002,
EU28,POP,TOT,MLN_PER,A,1950,373.9398,
EU28,POP,TOT,MLN_PER,A,1951,377.403,
EU28,POP,TOT,MLN_PER,A,1952,380.3418,
EU28,POP,TOT,MLN_PER,A,1953,383.2093,
EU28,POP,TOT,MLN_PER,A,1954,386.0764,
EU28,POP,TOT,MLN_PER,A,1955,389.0726,
EU28,POP,TOT,MLN_PER,A,1956,391.6891,
EU28,POP,TOT,MLN_PER,A,1957,394.3726,
EU28,POP,TOT,MLN_PER,A,1958,397.5293,
EU28,POP,TOT,MLN_PER,A,1959,400.847,
EU28,POP,TOT,MLN_PER,A,1960,415.7265,
EU28,POP,TOT,MLN_PER,A,1961,407.426,
EU28,POP,TOT,MLN_PER,A,1962,411.385,
EU28,POP,TOT,MLN_PER,A,1963,415.1072,
EU28,POP,TOT,MLN_PER,A,1964,418.6983,
EU28,POP,TOT,MLN_PER,A,1965,432.2971,
EU28,POP,TOT,MLN_PER,A,1966,425.2505,
EU28,POP,TOT,MLN_PER,A,1967,428.2664,
EU28,POP,TOT,MLN_PER,A,1968,431.2704,
EU28,POP,TOT,MLN_PER,A,1969,434.1199,
EU28,POP,TOT,MLN_PER,A,1970,440.8015,
EU28,POP,TOT,MLN_PER,A,1971,446.7825,
EU28,POP,TOT,MLN_PER,A,1972,441.493,
EU28,POP,TOT,MLN_PER,A,1973,444.0602,
EU28,POP,TOT,MLN_PER,A,1974,446.7825,
EU28,POP,TOT,MLN_PER,A,1975,452.935,
EU28,POP,TOT,MLN_PER,A,1976,455.0159,
EU28,POP,TOT,MLN_PER,A,1977,456.9873,
EU28,POP,TOT,MLN_PER,A,1978,458.9868,
EU28,POP,TOT,MLN_PER,A,1979,460.8213,
EU28,POP,TOT,MLN_PER,A,1980,462.6801,
EU28,POP,TOT,MLN_PER,A,1981,464.4476,
EU28,POP,TOT,MLN_PER,A,1982,465.7716,
EU28,POP,TOT,MLN_PER,A,1983,466.8408,
EU28,POP,TOT,MLN_PER,A,1984,467.8273,
EU28,POP,TOT,MLN_PER,A,1985,468.8914,
EU28,POP,TOT,MLN_PER,A,1986,470.1145,
EU28,POP,TOT,MLN_PER,A,1987,471.4016,
EU28,POP,TOT,MLN_PER,A,1988,472.8443,
EU28,POP,TOT,MLN_PER,A,1989,474.4134,
EU28,POP,TOT,MLN_PER,A,1990,475.9951,
EU28,POP,TOT,MLN_PER,A,1991,477.3503,
EU28,POP,TOT,MLN_PER,A,1992,478.6472,
EU28,POP,TOT,MLN_PER,A,1993,480.0489,
EU28,POP,TOT,MLN_PER,A,1994,481.1375,
EU28,POP,TOT,MLN_PER,A,1995,481.9762,
EU28,POP,TOT,MLN_PER,A,1996,482.7057,
EU28,POP,TOT,MLN_PER,A,1997,484.2127,
EU28,POP,TOT,MLN_PER,A,1998,485.7176,
EU28,POP,TOT,MLN_PER,A,1999,486.4497,
EU28,POP,TOT,MLN_PER,A,2000,487.4409,
EU28,POP,TOT,MLN_PER,A,2001,488.5072,
EU28,POP,TOT,MLN_PER,A,2002,489.8272,
EU28,POP,TOT,MLN_PER,A,2003,491.6237,
EU28,POP,TOT,MLN_PER,A,2004,493.5771,
EU28,POP,TOT,MLN_PER,A,2005,495.5175,
EU28,POP,TOT,MLN_PER,A,2006,497.3687,
EU28,POP,TOT,MLN_PER,A,2007,499.2989,
EU28,POP,TOT,MLN_PER,A,2008,501.1936,
EU28,POP,TOT,MLN_PER,A,2009,502.6304,
EU28,POP,TOT,MLN_PER,A,2010,503.8325,
EU28,POP,TOT,MLN_PER,A,2011,505.0353,
EU28,POP,TOT,MLN_PER,A,2012,506.1001,
EU28,POP,TOT,MLN_PER,A,2013,506.7358,B
OECD,POP,TOT,MLN_PER,A,1950,686.6573,
OECD,POP,TOT,MLN_PER,A,1951,696.4259,
OECD,POP,TOT,MLN_PER,A,1952,705.8873,
OECD,POP,TOT,MLN_PER,A,1953,715.1124,
OECD,POP,TOT,MLN_PER,A,1954,724.7972,
OECD,POP,TOT,MLN_PER,A,1955,734.5539,
OECD,POP,TOT,MLN_PER,A,1956,744.168,
OECD,POP,TOT,MLN_PER,A,1957,754.0451,
OECD,POP,TOT,MLN_PER,A,1958,764.275,
OECD,POP,TOT,MLN_PER,A,1959,774.8068,
OECD,POP,TOT,MLN_PER,A,1960,785.0711,
OECD,POP,TOT,MLN_PER,A,1961,795.7984,
OECD,POP,TOT,MLN_PER,A,1962,806.8729,
OECD,POP,TOT,MLN_PER,A,1963,817.8841,
OECD,POP,TOT,MLN_PER,A,1964,828.7517,
OECD,POP,TOT,MLN_PER,A,1965,839.3143,
OECD,POP,TOT,MLN_PER,A,1966,849.1231,
OECD,POP,TOT,MLN_PER,A,1967,859.0326,
OECD,POP,TOT,MLN_PER,A,1968,868.7666,
OECD,POP,TOT,MLN_PER,A,1969,878.5596,
OECD,POP,TOT,MLN_PER,A,1970,887.8339,
OECD,POP,TOT,MLN_PER,A,1971,898.2522,
OECD,POP,TOT,MLN_PER,A,1972,909.3255,
OECD,POP,TOT,MLN_PER,A,1973,918.9896,
OECD,POP,TOT,MLN_PER,A,1974,928.4296,
OECD,POP,TOT,MLN_PER,A,1975,938.3524,
OECD,POP,TOT,MLN_PER,A,1976,947.0789,
OECD,POP,TOT,MLN_PER,A,1977,955.7274,
OECD,POP,TOT,MLN_PER,A,1978,963.9293,
OECD,POP,TOT,MLN_PER,A,1979,973.0477,
OECD,POP,TOT,MLN_PER,A,1980,981.9266,
OECD,POP,TOT,MLN_PER,A,1981,990.8196,
OECD,POP,TOT,MLN_PER,A,1982,999.2802,
OECD,POP,TOT,MLN_PER,A,1983,1007.408,
OECD,POP,TOT,MLN_PER,A,1984,1015.287,
OECD,POP,TOT,MLN_PER,A,1985,1023.451,
OECD,POP,TOT,MLN_PER,A,1986,1032.025,
OECD,POP,TOT,MLN_PER,A,1987,1040.888,
OECD,POP,TOT,MLN_PER,A,1988,1049.768,
OECD,POP,TOT,MLN_PER,A,1989,1058.616,
OECD,POP,TOT,MLN_PER,A,1990,1067.386,
OECD,POP,TOT,MLN_PER,A,1991,1077.043,
OECD,POP,TOT,MLN_PER,A,1992,1086.732,
OECD,POP,TOT,MLN_PER,A,1993,1095.867,
OECD,POP,TOT,MLN_PER,A,1994,1104.389,
OECD,POP,TOT,MLN_PER,A,1995,1112.989,
OECD,POP,TOT,MLN_PER,A,1996,1121.135,
OECD,POP,TOT,MLN_PER,A,1997,1129.203,
OECD,POP,TOT,MLN_PER,A,1998,1136.903,
OECD,POP,TOT,MLN_PER,A,1999,1144.615,
OECD,POP,TOT,MLN_PER,A,2000,1152.639,
OECD,POP,TOT,MLN_PER,A,2001,1160.624,B
OECD,POP,TOT,MLN_PER,A,2002,1168.022,
OECD,POP,TOT,MLN_PER,A,2003,1176.212,
OECD,POP,TOT,MLN_PER,A,2004,1184.415,
OECD,POP,TOT,MLN_PER,A,2005,1192.754,
OECD,POP,TOT,MLN_PER,A,2006,1201.155,
OECD,POP,TOT,MLN_PER,A,2007,1210.194,
OECD,POP,TOT,MLN_PER,A,2008,1219.475,
OECD,POP,TOT,MLN_PER,A,2009,1227.932,
OECD,POP,TOT,MLN_PER,A,2010,1236.914,B
OECD,POP,TOT,MLN_PER,A,2011,1243.751,B
OECD,POP,TOT,MLN_PER,A,2012,1250.277,
OECD,POP,TOT,MLN_PER,A,2013,1257.114,
LVA,POP,TOT,MLN_PER,A,1970,2.359,
LVA,POP,TOT,MLN_PER,A,1971,2.376,
LVA,POP,TOT,MLN_PER,A,1972,2.396,
LVA,POP,TOT,MLN_PER,A,1973,2.416,
LVA,POP,TOT,MLN_PER,A,1974,2.437,
LVA,POP,TOT,MLN_PER,A,1975,2.456,
LVA,POP,TOT,MLN_PER,A,1976,2.471,
LVA,POP,TOT,MLN_PER,A,1977,2.485,
LVA,POP,TOT,MLN_PER,A,1978,2.498,
LVA,POP,TOT,MLN_PER,A,1979,2.506,
LVA,POP,TOT,MLN_PER,A,1980,2.512,
LVA,POP,TOT,MLN_PER,A,1981,2.519,
LVA,POP,TOT,MLN_PER,A,1982,2.531,
LVA,POP,TOT,MLN_PER,A,1983,2.546,
LVA,POP,TOT,MLN_PER,A,1984,2.562,
LVA,POP,TOT,MLN_PER,A,1985,2.579,
LVA,POP,TOT,MLN_PER,A,1986,2.6,
LVA,POP,TOT,MLN_PER,A,1987,2.627,
LVA,POP,TOT,MLN_PER,A,1988,2.653,
LVA,POP,TOT,MLN_PER,A,1989,2.667,
LVA,POP,TOT,MLN_PER,A,1990,2.663,
LVA,POP,TOT,MLN_PER,A,1991,2.651,
LVA,POP,TOT,MLN_PER,A,1992,2.614,
LVA,POP,TOT,MLN_PER,A,1993,2.563,
LVA,POP,TOT,MLN_PER,A,1994,2.521,
LVA,POP,TOT,MLN_PER,A,1995,2.485,
LVA,POP,TOT,MLN_PER,A,1996,2.457,
LVA,POP,TOT,MLN_PER,A,1997,2.433,
LVA,POP,TOT,MLN_PER,A,1998,2.41,
LVA,POP,TOT,MLN_PER,A,1999,2.39,
LVA,POP,TOT,MLN_PER,A,2000,2.368,
LVA,POP,TOT,MLN_PER,A,2001,2.337,
LVA,POP,TOT,MLN_PER,A,2002,2.31,
LVA,POP,TOT,MLN_PER,A,2003,2.288,
LVA,POP,TOT,MLN_PER,A,2004,2.263,
LVA,POP,TOT,MLN_PER,A,2005,2.239,
LVA,POP,TOT,MLN_PER,A,2006,2.218,
LVA,POP,TOT,MLN_PER,A,2007,2.2,
LVA,POP,TOT,MLN_PER,A,2008,2.177,
LVA,POP,TOT,MLN_PER,A,2009,2.142,
LVA,POP,TOT,MLN_PER,A,2010,2.098,
LVA,POP,TOT,MLN_PER,A,2011,2.06,
LVA,POP,TOT,MLN_PER,A,2012,2.034,
