Year,Price.Oil,Scenario
2014,0.289581987,Baseline
2020,0.289581987,Baseline
2025,0.289581987,Baseline
2030,0.289581987,Baseline
2035,0.289581987,Baseline
2040,0.289581987,Baseline
2045,0.289581987,Baseline
2050,0.289581987,Baseline
2055,0.289581987,Baseline
2060,0.289581987,Baseline
2065,0.289581987,Baseline
2070,0.289581987,Baseline
2075,0.289581987,Baseline
2080,0.289581987,Baseline
2085,0.289581987,Baseline
2090,0.289581987,Baseline
2095,0.289581987,Baseline
2100,0.289581987,Baseline
